SITE_ID,SITE_NO
3939,5MT4478
4065,5MT4621
4514,5MT5104
4728,5MT5388
8315,5MV1158
8371,5MV3916
8372,5MV3917
8374,5MV3919
8464,5DL863
17805,5MT16784
17809,5MT16806
22113,5MV135
22472,5MV104
22480,5MV1047
22483,5MV105
22493,5MV106
22522,5MV109
22534,5MV110
22625,5MV124
22643,5MV126
22654,5MV127
22665,5MV128
22676,5MV129
22688,5MV130
22699,5MV131
22721,5MV133
23008,5MV1616
23039,5MV1646
23045,5MV1651
23046,5MV1652
23048,5MV1654
23061,5MV1666
23374,5MV200
23857,5MV2473
23858,5MV2474
23865,5MV2480
24171,5MV2772
24310,5MV2903
24314,5MV2907
24316,5MV2909
24323,5MV2915
24327,5MV2919
24356,5MV2945
24358,5MV2947
24380,5MV2967
24522,5MV31
24554,5MV3128
24591,5MV3161
24597,5MV3167
24730,5MV3256
24735,5MV3260
24748,5MV3272
24750,5MV3274
24752,5MV3276
24774,5MV3296
24776,5MV3298
24786,5MV3306
24788,5MV3308
24790,5MV331
24801,5MV332
24812,5MV333
24867,5MV338
25006,5MV3519
25008,5MV3520
25033,5MV3544
25035,5MV3546
25134,5MV3635
25182,5MV3679
25199,5MV3694
25206,5MV370
25213,5MV3706
25215,5MV3708
25217,5MV371
25227,5MV3719
25230,5MV3721
25235,5MV373
25250,5MV3743
25261,5MV3753
25268,5MV376
25305,5MV3793
25324,5MV3810
25328,5MV3814
25332,5MV3818
25389,5MV387
25411,5MV389
25495,5MV4021
25497,5MV4023
25498,5MV4024
25538,5MV4061
25540,5MV4063
25544,5MV4067
25633,5MV4157
25670,5MV69
25735,5MV4218
25940,5MV4505
25955,5MV4523
26004,5MV4572
26053,5MV4632
26135,5MV473
26157,5MV475
26166,5MV476
26178,5MV480
26235,5MV486
26259,5MV489
26263,5MV492
26471,5MV704
26472,5MV705
26502,5MV732
26507,5MV737
26513,5MV742
26528,5MV756
26529,5MV757
26560,5MV785
26561,5MV786
26569,5MV793
26570,5MV794
26571,5MV795
26572,5MV796
26603,5MV811
26604,5MV812
26605,5MV813
26606,5MV814
26607,5MV815
26608,5MV816
26609,5MV817
26610,5MV818
26611,5MV819
26615,5MV822
26616,5MV823
26617,5MV824
26618,5MV825
26620,5MV827
26622,5MV829
26624,5MV830
26625,5MV831
26626,5MV832
26628,5MV834
26629,5MV835
26647,5MV851
26660,5MV864
26661,5MV865
26662,5MV866
26664,5MV868
26665,5MV869
26667,5MV870
26668,5MV871
26669,5MV872
26671,5MV874
26678,5MV886
26692,5MV904
26693,5MV905
26696,5MV908
26755,5MV967
1,5MT19156
3,5MT19158
4,5MT19159
5,5MT3952
9,5MT3947
10,5MT19164
11,5MT19165
12,5MT19166
22,5MT19174
26,5MT19177
27,5MT19178
29,5MT19180
30,5MT19181
34,5MT3935
37,5MT19186
38,5MT19187
39,5MT19188
40,5MT3941
43,5MT3943
46,5MT3823
47,5MT19190
51,5MT3945
55,5MT19195
56,5MT3932
57,5MT19196
60,5MT3926
71,5MT19203
72,5MT3920
73,5MT19204
75,5MT19206
77,5MT19208
83,5MT19214
84,5MT19215
86,5MT3953
87,5MT3942
88,5MT19798
90,5MT19800
92,5MT3923
93,5MT3923
94,5MT3923
96,5MT19218
97,5MT19219
107,5MT766
108,5MT19224
111,5MT6288
113,5MT19227
119,5MT3955
127,5MT19238
136,5MT3927
137,5MT19244
141,5MT3912
150,5MT3916
153,5MT3929
154,5MT13448
157,5MT3949
164,5MT6287
165,5MT3934
171,5MT19263
172,5MT19264
173,5MT6268
174,5MT19265
175,5MT19266
176,5MT19831
179,5MT3791
182,5MT19269
187,5MT19274
191,5MT3957
192,5MT19278
200,5MT19808
202,5MT19285
203,5MT3696
204,5MT19286
205,5MT19287
206,5MT19288
209,5MT19290
210,5MT19291
211,5MT19292
212,5MT19293
213,5MT19294
214,5MT19295
215,5MT19296
216,5MT19297
219,5MT19300
221,5MT19302
227,5MT3959
228,5MT19306
229,5MT6291
233,5MT3960
236,5MT3808
237,5MT19308
238,5MT19309
239,5MT19310
247,5MT19311
248,5MT19312
250,5MT19313
252,5MT19315
253,5MT19316
254,5MT19317
256,5MT19319
258,5MT19321
260,5MT3961
263,5MT3962
266,5MT19325
267,5MT19326
268,5MT19327
269,5MT19328
270,5MT19329
271,5MT3831
272,5MT19330
276,5MT16797
277,5MT3830
285,5MT12666
287,5MT19804
295,5MT3842
310,5MT19358
312,5MT19360
313,5MT19361
315,5MT19363
316,5MT3814
317,5MT3963
319,5MT19364
321,5MT19366
324,5MT19369
328,5MT19372
330,5MT19373
332,5MT19374
339,5MT17380
343,5MT19381
345,5MT19383
351,5MT19389
355,5MT19390
358,5MT19391
360,5MT19393
361,5MT19394
363,5MT19396
367,5MT10247
369,5MT19400
372,5MT10248
373,5MT19402
374,5MT10249
376,5MT10250
379,5MT19405
382,5MT19379
383,5MT19408
385,5MT19410
395,5MT10251
401,5MT19420
402,5MT19421
403,5MT19422
404,5MT19423
406,5MT19425
407,5MT19426
408,5MT19427
409,5MT19428
410,5MT3829
411,5MT19429
413,5MT19430
414,5MT3829
422,5MT16803
427,5MT16788
433,5MT19433
434,5MT19434
435,5MT19435
436,5MT19436
437,5MT19437
438,5MT19438
442,5MT19441
445,5MT263
498,5MT2687
531,5DL1502
532,5DL1503
552,5DL540
567,5DL857
572,5DL865
579,5MT10018
630,5MT10376
660,5MT10405
668,5MT10413
698,5MT10508
752,5MT10610
761,5MT10622
762,5MT10623
770,5MT10631
771,5MT10632
774,5MT10635
775,5MT10636
776,5MT10637
781,5MT10642
782,5MT10643
787,5MT10648
792,5MT10653
794,5MT10655
795,5MT10656
800,5MT10661
802,5MT10663
805,5MT10666
807,5MT10668
808,5MT10669
809,5MT10670
810,5MT10671
812,5MT10673
817,5MT10678
819,5MT10680
821,5MT10682
823,5MT10684
824,5MT10685
826,5MT10687
828,5MT10689
833,5MT10694
841,5MT10701
842,5MT10702
845,5MT10705
846,5MT10706
849,5MT10709
856,5MT10716
858,5MT10718
859,5MT10719
861,5MT10721
871,5MT10731
875,5MT10735
876,5MT10736
881,5MT10742
888,5MT10750
894,5MT10757
896,5MT10759
913,5MT10782
915,5MT10784
917,5MT10786
920,5MT10789
922,5MT10791
925,5MT10794
926,5MT10795
928,5MT10797
929,5MT10798
930,5MT10799
946,5MT10818
947,5MT10819
956,5MT10828
959,5MT10831
962,5MT10834
1028,5MT11056
1068,5MT11125
1077,5MT11334
1078,5MT11335
1088,5MT11353
1090,5MT11355
1093,5MT11358
1107,5MT11392
1111,5MT11396
1112,5MT11397
1130,5MT11509
1148,5MT11578
1155,5MT11585
1156,5MT11586
1168,5MT11598
1170,5MT11600
1173,5MT11603
1186,5MT11616
1222,5MT11700
1234,5MT11807
1236,5MT11809
1239,5MT11813
1277,5MT11891
1285,5MT11899
1293,5MT11907
1295,5MT11909
1303,5MT11916
1305,5MT11918
1321,5MT11934
1322,5MT11935
1344,5MT120
1355,5MT12058
1357,5MT12064
1364,5MT1208
1374,5MT12100
1384,5MT12113
1391,5MT12126
1392,5MT12127
1407,5MT12179
1445,5MT125
1454,5MT12581
1462,5MT12594
1467,5MT12599
1468,5MT126
1470,5MT12604
1471,5MT12605
1478,5MT12615
1479,5MT12616
1492,5MT12641
1496,5MT12646
1502,5MT12652
1506,5MT12657
1513,5MT1270
1535,5MT12721
1567,5MT1285
1572,5MT12868
1589,5MT129
1593,5MT12930
1594,5MT12931
1623,5MT12969
1624,5MT12970
1626,5MT12972
1641,5MT12988
1643,5MT12991
1645,5MT12993
1646,5MT12994
1649,5MT12998
1653,5MT13001
1656,5MT13004
1660,5MT13008
1704,5MT13195
1723,5MT13251
1766,5MT133
1768,5MT13301
1771,5MT13304
1772,5MT13305
1773,5MT13306
1774,5MT13307
1776,5MT13309
1777,5MT13310
1778,5MT13311
1780,5MT13313
1782,5MT13315
1788,5MT13321
1789,5MT13321
1798,5MT13331
1811,5MT13345
1817,5MT13351
1818,5MT13352
1819,5MT13353
1820,5MT13354
1822,5MT13356
1831,5MT13365
1835,5MT13369
1838,5MT13372
1839,5MT13373
1841,5MT13375
1844,5MT13378
1852,5MT13386
1854,5MT13388
1859,5MT13393
1871,5MT13404
1875,5MT13408
1878,5MT13411
1882,5MT13415
1885,5MT13418
1886,5MT13419
1887,5MT13420
1891,5MT13424
1894,5MT13427
1900,5MT13433
1901,5MT13434
1903,5MT13436
1911,5MT13444
1924,5MT13470
1926,5MT13491
1930,5MT135
1935,5MT13538
1936,5MT13539
1940,5MT13543
1949,5MT13552
1964,5MT13568
1974,5MT13578
1979,5MT13583
1985,5MT13589
1990,5MT13594
1993,5MT13597
1995,5MT13599
2012,5MT13615
2013,5MT13616
2017,5MT13620
2019,5MT13622
2023,5MT13636
2026,5MT13640
2029,5MT13643
2030,5MT13644
2032,5MT13725
2033,5MT13726
2045,5MT13756
2063,5MT13912
2065,5MT13914
2067,5MT14399
2074,5MT14543
2089,5MT152
2106,5MT1536
2118,5MT1548
2120,5MT1550
2121,5MT1551
2127,5MT1557
2130,5MT156
2131,5MT1560
2132,5MT1561
2136,5MT1568
2137,5MT1570
2141,5MT1575
2147,5MT1580
2152,5MT1585
2172,5MT1606
2177,5MT1610
2184,5MT1617
2186,5MT1619
2188,5MT1620
2189,5MT1621
2190,5MT1622
2192,5MT1624
2194,5MT1626
2198,5MT1630
2202,5MT1634
2206,5MT1638
2210,5MT1641
2214,5MT1645
2231,5MT1660
2232,5MT1661
2236,5MT1665
2239,5MT1669
2240,5MT167
2249,5MT1678
2251,5MT1680
2258,5MT1687
2261,5MT169
2264,5MT1692
2265,5MT1693
2268,5MT170
2279,5MT1710
2283,5MT1714
2299,5MT1731
2301,5MT1733
2303,5MT1735
2304,5MT1736
2308,5MT174
2310,5MT1741
2316,5MT1748
2346,5MT1777
2348,5MT1779
2362,5MT1792
2363,5MT1793
2368,5MT1798
2369,5MT1799
2371,5MT1801
2372,5MT1802
2377,5MT1807
2378,5MT1808
2380,5MT181
2385,5MT1814
2388,5MT1818
2390,5MT182
2393,5MT1822
2394,5MT1823
2403,5MT1831
2407,5MT1835
2412,5MT184
2421,5MT185
2422,5MT1853
2431,5MT1904
2435,5MT1915
2439,5MT192
2458,5MT1945
2462,5MT1949
2466,5MT1952
2469,5MT1955
2475,5MT1964
2477,5MT1966
2480,5MT1971
2485,5MT198
2488,5MT1982
2489,5MT1987
2491,5MT1989
2492,5MT199
2499,5MT1998
2516,5MT2013
2517,5MT202
2521,5MT2024
2528,5MT2031
2529,5MT2032
2531,5MT204
2535,5MT2052
2536,5MT2053
2542,5MT206
2543,5MT2064
2545,5MT2067
2549,5MT210
2552,5MT2110
2558,5MT2116
2559,5MT2117
2560,5MT2118
2562,5MT212
2567,5MT215
2569,5MT216
2572,5MT2162
2602,5MT2192
2604,5MT2194
2610,5MT220
2617,5MT2206
2632,5MT222
2639,5MT2226
2644,5MT2230
2649,5MT2235
2656,5MT2241
2665,5MT2258
2669,5MT2263
2710,5MT232
2741,5MT2355
2762,5MT2377
2763,5MT2378
2783,5MT240
2803,5MT2430
2812,5MT244
2813,5MT2441
2825,5MT2458
2845,5MT2479
2856,5MT249
2857,5MT2490
2866,5MT2500
2886,5MT253
2906,5MT2549
2907,5MT255
2912,5MT2560
2915,5MT258
2976,5MT270
2985,5MT2723
2986,5MT2725
2989,5MT273
2993,5MT2737
3001,5MT275
3004,5MT2761
3006,5MT2764
3011,5MT279
3021,5MT282
3022,5MT283
3038,5MT2855
3112,5MT3049
3118,5MT3054
3123,5MT3059
3125,5MT3060
3127,5MT3062
3130,5MT3065
3131,5MT3066
3146,5MT3082
3147,5MT3083
3165,5MT3101
3167,5MT3103
3169,5MT3105
3194,5MT313
3207,5MT3142
3211,5MT3146
3236,5MT3173
3263,5MT3198
3274,5MT3209
3275,5MT321
3280,5MT3214
3283,5MT3217
3285,5MT3219
3317,5MT3264
3338,5MT3287
3339,5MT3288
3342,5MT3291
3355,5MT3303
3356,5MT3304
3369,5MT3319
3370,5MT3322
3385,5MT355
3456,5MT3778
3469,5MT3795
3474,5MT3800
3475,5MT3801
3479,5MT3806
3486,5MT3813
3500,5MT3828
3545,5MT3878
3549,5MT3882
3551,5MT3885
3552,5MT3886
3553,5MT3887
3559,5MT3893
3562,5MT3896
3564,5MT3898
3566,5MT3900
3574,5MT3908
3576,5MT3911
3577,5MT3912
3578,5MT3913
3580,5MT3915
3612,5MT3950
3614,5MT3952
3655,5MT3995
3750,5MT415
3822,5MT4326
3828,5MT4332
3855,5MT4370
3869,5MT4386
3933,5MT447
3955,5MT4494
3964,5MT4502
3969,5MT4507
3970,5MT4508
3977,5MT4514
3980,5MT452
3984,5MT4525
3988,5MT453
3992,5MT4534
3998,5MT454
4004,5MT4545
4020,5MT456
4033,5MT458
4049,5MT4606
4053,5MT4610
4056,5MT4613
4059,5MT4616
4073,5MT4629
4074,5MT463
4084,5MT4640
4096,5MT4651
4113,5MT467
4135,5MT469
4157,5MT4715
4168,5MT473
4170,5MT474
4188,5MT476
4283,5MT4855
4306,5MT4876
4307,5MT4877
4308,5MT4878
4310,5MT488
4319,5MT489
4330,5MT490
4350,5MT4931
4367,5MT495
4374,5MT496
4383,5MT497
4390,5MT498
4408,5MT5002
4409,5MT5003
4423,5MT5018
4429,5MT5023
4493,5MT5085
4535,5MT5124
4541,5MT513
4553,5MT5140
4561,5MT5148
4563,5MT515
4564,5MT5150
4568,5MT5154
4597,5MT519
4600,5MT522
4605,5MT525
4619,5MT527
4691,5MT535
4702,5MT536
4761,5MT5446
4771,5MT5456
4776,5MT5461
4783,5MT5468
4784,5MT5469
4793,5MT5480
4800,5MT5495
4803,5MT5499
4805,5MT5501
4806,5MT5502
4807,5MT5503
4814,5MT5517
4902,5MT566
4910,5MT5717
4922,5MT5730
4925,5MT5735
4926,5MT5736
4927,5MT5737
4939,5MT5758
4941,5MT5770
4944,5MT5774
4945,5MT5775
4946,5MT5776
4947,5MT5777
4950,5MT5780
4951,5MT5781
4955,5MT5786
4956,5MT5787
4957,5MT5788
4961,5MT5792
4977,5MT5810
4986,5MT5820
4992,5MT5826
5022,5MT5882
5117,5MT5981
5320,5MT6253
5346,5MT6280
5363,5MT6298
5382,5MT6317
5426,5MT6363
5628,5MT658
5682,5MT665
5715,5MT668
5726,5MT669
5748,5MT671
5777,5MT6739
5778,5MT674
5794,5MT6754
5810,5MT677
5832,5MT679
5869,5MT6827
5872,5MT683
5887,5MT685
5917,5MT689
5918,5MT690
5956,5MT6947
5961,5MT6952
5963,5MT6954
5977,5MT6968
6025,5MT7069
6030,5MT7073
6036,5MT7084
6045,5MT711
6046,5MT712
6048,5MT714
6064,5MT716
6086,5MT720
6108,5MT722
6119,5MT723
6130,5MT724
6136,5MT7246
6139,5MT7249
6140,5MT725
6153,5MT7288
6158,5MT7292
6192,5MT7323
6209,5MT734
6215,5MT7345
6224,5MT7354
6225,5MT7355
6226,5MT7356
6228,5MT7358
6234,5MT7363
6243,5MT7371
6269,5MT7395
6281,5MT7406
6327,5MT7502
6334,5MT7514
6343,5MT7525
6363,5MT755
6365,5MT756
6368,5MT757
6389,5MT762
6405,5MT769
6406,5MT770
6408,5MT772
6409,5MT773
6413,5MT777
6421,5MT785
6423,5MT788
6428,5MT7912
6433,5MT793
6440,5MT7953
6443,5MT7956
6447,5MT796
6467,5MT7983
6471,5MT7987
6505,5MT803
6506,5MT8030
6508,5MT804
6534,5MT8069
6535,5MT807
6547,5MT8089
6548,5MT809
6549,5MT8090
6553,5MT810
6558,5MT8120
6565,5MT8163
6570,5MT817
6594,5MT8201
6645,5MT8252
6659,5MT8266
6664,5MT8270
6683,5MT8289
6684,5MT829
6699,5MT831
6704,5MT8335
6711,5MT8355
6719,5MT8362
6739,5MT8380
6824,5MT8509
6832,5MT8517
6935,5MT8727
6940,5MT8736
6974,5MT879
6977,5MT8795
6978,5MT8796
6988,5MT8805
6993,5MT881
7134,5MT905
7185,5MT9121
7230,5MT918
7270,5MT928
7284,5MT930
7350,5MT938
7393,5MT9432
7395,5MT944
7405,5MT947
7408,5MT950
7410,5MT952
7413,5MT955
7416,5MT961
7425,5MT968
7429,5MT9701
7437,5MT9795
7439,5MT9797
7444,5MT987
7450,5MT994
7454,5MT998
7455,5MT999
7461,5MV1151
7472,5MV1437
7476,5MV1902
7493,5MV2254
7494,5MV2258
7498,5MV2264
7499,5MV2265
7501,5MV2289
7509,5MV2298
7511,5MV2300
7513,5MV2302
7518,5MV2307
7519,5MV2308
7520,5MV2312
7521,5MV2314
7530,5MT393
7555,5MT13932
7556,5MT13933
7568,5MT13944
7569,5MT13945
7578,5MT13954
7590,5MT13966
7593,5MT13968
7607,5MT13980
7608,5MT13981
7609,5MT13982
7610,5MT13983
7612,5MT13985
7634,5DL2144
7641,5DL513
7648,5DL493
7650,5DL494B
7652,5MT787
7661,NA
7666,NA
7690,NA
7693,NA
7697,NA
7699,NA
7701,NA
7702,NA
7718,5MT3224
7729,5MT3320
7853,5MT13649
7856,5MT13652
7861,5MT13657
7864,5MT13661
7870,5MT13667
7876,5MT13673
7882,5MT13679
7883,5MT13680
7885,5MT13682
7886,5MT13684
7895,5MT13693
7900,5MT13698
7901,5MT13699
7909,5MT13707
7923,5MT14541
7931,5MT157
7965,5MT201
7975,5MT2035
7976,5MT2036
7985,5MT2046
7986,5MT2047
7987,5MT2048
7995,5MT217
8019,5MT2291
8020,5MT2292
8026,5MT2306
8041,5MT2414
8042,5MT2415
8044,5MT2421
8135,5MT403
8138,5MT4106
8251,5MT5782
8307,5MT989
8323,5MV1167
8329,5MV1176
8330,5MV1177
8331,5MV1178
8336,5MV1191
8353,5MV2257
8355,5MV2267
8356,5MV2285
8357,5MV2313
8358,5MV2340
8360,5MV24
8361,5MV25
8364,5MV28
8365,5MV29
8366,5MV30
8377,5MV43
16700,5DL608
16701,5DL601
16714,5MT1786
16716,5MT2198
16722,5MT8834
16731,5MT8371
16749,NA
16806,NA
16807,5MT8829
16812,5MT8836
16814,5MT8837
16816,5MT2519
16855,5MT10747
16866,5MT14603
16899,5MT14651
16918,5MT14659
16930,5MT14658
16985,5MT14706
17031,5MT14750
17032,5MT14752
17042,5MT14749
17059,5MT14782
17100,5MT14862
17102,5MT14866
17125,5MT14881
17126,5MT14883
17143,5MT14868
17145,5MT14872
17149,5MT14880
17165,5MT14898
17168,5MT14917
17186,5MT14900
17191,5MT14910
17193,5MT14914
17216,5MT14967
17221,5MT14920
17236,5MT14948
17247,5MT14995
17250,5MT15001
17257,5MT14954
17260,5MT14960
17261,5MT14962
17271,5MT15021
17272,5MT15019
17301,5MT15039
17313,5MT15043
17328,5MT15071
17332,5MT15079
17356,5MT15050
17371,5MT15089
17374,5MT15083
17393,5MT15000
17397,5MT15080
17409,5MT15121
17433,5MT15143
17492,5MT15192
17498,5MT15204
17509,5MT15195
17634,5MT15346
17660,5MT15372
17676,5MT15384
17708,5MT15420
17719,5MT15442
17734,5MT15397
17742,5MT15454
17745,5MT15441
17747,5MT15445
17756,5MT15409
17757,5MT15411
17759,5MT15415
17769,5MT15419
17793,5MT14421
17831,5DL1004
17862,5DL1363
17900,5DL1587
17903,5DL1652
17933,5DL271
17973,5DL42
18008,5DL498
18102,5DL612
18169,5DL912
18171,5DL947
18200,5LP3394
18206,5LP4280
18233,5LP4284
18235,5LP4287
18287,5MT10181
18381,5MT11211
18383,5MT11213
18403,5MT10816
18426,5MT110
18445,5MT11100
18449,5MT11131
18450,5MT11132
18459,5MT11142
18476,5MT11159
18486,5MT11169
18510,5MT11192
18512,5MT11194
18518,5MT11200
18530,5MT11224
18533,5MT11227
18562,5MT11253
18565,5MT11256
18567,5MT11258
18584,5MT11273
18599,5MT11287
18617,5MT11304
18637,5MT1263
18648,5MT11398
18668,5MT11452
18695,5MT11497
18696,5MT115
18735,5MT11565
18737,5MT116
18746,5MT11667
18792,5MT11885
18793,5MT119
18796,5MT1193
18797,5MT1194
18799,5MT1195
18800,5MT11950
18801,5MT11958
18803,5MT1196
18810,5MT1200
18811,5MT12000
18870,5MT12237
18960,5MT1257
18962,5MT1259
18968,5MT12635
18973,5MT1266
18974,5MT1267
18984,5MT12736
18993,5MT12769
19060,5MT1292
19125,5MT13660
19155,5MT13882
19157,5MT13885
19160,5MT140
19162,5MT142
19177,5MT14261
19180,5MT14264
19181,5MT143
19199,5MT14416
19206,5MT14425
19212,5MT14432
19220,5MT14443
19240,5MT14468
19260,5MT14491
19281,5MT14513
19285,5MT14517
19299,5MT14572
19304,5MT14577
19309,5MT14582
19310,5MT14583
19313,5MT14586
19327,5MT146
19337,5MT148
19354,5MT14841
19358,5MT14845
19361,5MT14848
19376,5MT15157
19377,5MT15158
19419,5MT15555
19425,5MT15561
19431,5MT15567
19443,5MT15580
19447,5MT15584
19449,5MT15586
19458,5MT17076
19459,5MT17077
19471,5MT15587
19483,5MT15599
19486,5MT15602
19487,5MT15603
19489,5MT15605
19495,5MT15618
19498,5MT15623
19499,5MT15624
19526,5MT15974
19528,5MT15976
19538,5MT16078
19542,5MT16082
19559,5MT16459
19570,5MT16470
19613,5MT16557
19615,5MT16559
19619,5MT16563
19625,5MT16569
19633,5MT16577
19634,5MT16579
19635,5MT16580
19637,5MT16582
19640,5MT16585
19646,5MT16591
19686,5MT16683
19687,5MT16684
19689,5MT16686
19693,5MT16690
19694,5MT16691
19695,5MT16692
19696,5MT16693
19697,5MT16694
19698,5MT16695
19699,5MT16696
19706,5MT16703
19708,5MT16705
19709,5MT16706
19710,5MT16707
19711,5MT16708
19712,5MT16709
19713,5MT16710
19722,5MT16719
19728,5MT16726
19740,5MT16738
19741,5MT16739
19754,5MT16791
19774,5MT16820
19775,5MT16821
19776,5MT16822
19777,5MT16823
19778,5MT16824
19780,5MT16826
19781,5MT16827
19785,5MT16831
19786,5MT16832
19788,5MT16834
19801,5MT16847
19802,5MT16848
19803,5MT16849
19805,5MT16851
19843,5MT16929
19857,5MT17030
19860,5MT17033
19864,5MT17037
19868,5MT17041
19877,5MT17050
19879,5MT17052
19882,5MT17055
19887,5MT17060
19897,5MT17080
19906,5MT17098
19910,5MT17104
19922,5MT17137
19939,5MT17177
19954,5MT17229
19955,5MT17230
19965,5MT17253
19982,5MT17271
19984,5MT17273
19998,5MT17318
20000,5MT17320
20002,5MT17322
20010,5MT17330
20013,5MT17333
20020,5MT17346
20031,5MT17390
20055,5MT17482
20056,5MT17486
20059,5MT17514
20096,5MT17659
20111,5MT18516
20116,5MT18638
20121,5MT18643
20146,5MT18368
20163,5MT18386
20181,5MT18404
20182,5MT18405
20184,5MT18407
20185,5MT18408
20192,5MT18416
20197,5MT18421
20204,5MT18428
20213,5MT18437
20214,5MT18438
20225,5MT18449
20227,5MT18451
20232,5MT18456
20268,5MT18498
20287,5MT18523
20296,5MT18535
20338,5MT18579
20342,5MT18583
20346,5MT18587
20351,5MT18592
20355,5MT18596
20356,5MT18597
20360,5MT18629
20363,5MT18632
20383,5MT18693
20389,5MT18699
20402,5MT18712
20406,5MT18716
20412,5MT18722
20417,5MT18727
20418,5MT18728
20426,5MT18738
20458,5MT19794
20476,5MT18836
20477,5MT18837
20488,5MT18848
20498,5MT18858
20529,5MT18984
20531,5MT18986
20548,5MT19003
20555,5MT19010
20557,5MT19012
20558,5MT19013
20560,5MT19015
20582,5MT19036
20600,5MT19054
20601,5MT1908
20609,5MT19099
20611,5MT19100
20617,5MT19106
20627,5MT19116
20635,5MT19130
20638,5MT19133
20650,5MT19332
20651,5MT19378
20652,5MT19431
20653,5MT19448
20664,5MT19469
20666,5MT19471
20680,5MT19490
20707,5MT19517
20715,5MT19525
20744,5MT19554
20751,5MT19561
20770,5MT19586
20772,5MT19588
20773,5MT19589
20805,5MT19682
20816,5MT19716
20841,5MT19757
20842,5MT19758
20843,5MT19759
20849,5MT19767
20864,5MT2034
20927,5MT2508
21008,5MT2715
21009,5MT2717
21010,5MT2719
21011,5MT2720
21013,5MT2741
21069,5MT286
21071,5MT288
21085,5MT379
21096,5MT4125
21132,5MT381
21135,5MT383
21137,5MT385
21145,5MT394
21199,5MT4143
21206,5MT4150
21211,5MT4155
21236,5MT4190
21242,5MT421
21247,5MT426
21265,5MT4318
21278,5MT438
21349,5MT4974
21407,5MT555
21416,5MT574
21474,5MT576
21477,5MT579
21536,5MT703
21557,5MT705
21594,5MT7267
21599,5MT7273
21602,5MT7276
21606,5MT7547
21661,5MT7549
21671,5MT7589
21673,5MT7591
21677,5MT7649
21740,5MT7741
21781,5MT7914
21782,5MT7915
21847,5MT8213
22044,5MT958
22061,5MT9620
22073,5MT9679
22101,5MV1112
22102,5MV1113
22109,5MV1346
22112,5MV1349
22118,5MV1354
22120,5MV1356
22121,5MV1357
22151,5MT975
22163,5MT978
22176,5MT9817
22208,5MT9846
22209,5MT9847
22210,5MT9848
22214,5MT9851
22216,5MT9853
22232,5MT9869
22250,5MT9892
22277,5MT991243
22278,5MT991244
22306,5MT991532
22342,5MT991743
22348,5MT991886
22349,5MT991887
22353,5MT991891
22361,5MT9923
22367,5MT9929
22375,5MT9937
22376,5MT9938
22399,5MT9961
22405,5MT9967
22417,5MT9979
22427,5MT9993
22435,5MV10
22459,5MV1024
22462,5MV1027
22464,5MV1029
22473,5MV1040
22479,5MV1046
22481,5MV1048
22482,5MV1049
22491,5MV1057
22492,5MV1058
22494,5MV1060
22514,5MV1082
22515,5MV1083
22521,5MV1089
22529,5MV1096
22530,5MV1097
22535,5MV1100
22541,5MV1107
22543,5MV1109
22545,5MV1117
22547,5MV1119
22551,5MV1125
22557,5MV1130
22558,5MV1131
22561,5MV1134
22562,5MV1135
22564,5MV1137
22566,5MV1141
22583,5MV1189
22585,5MV1194
22592,5MV120
22602,5MV1209
22603,5MV121
22604,5MV1210
22607,5MV1215
22613,5MV1220
22615,5MV1223
22619,5MV1227
22621,5MV1230
22623,5MV1232
22637,5MV1254
22640,5MV1257
22645,5MV1261
22646,5MV1262
22648,5MV1264
22659,5MV1274
22660,5MV1275
22664,5MV1279
22667,5MV1281
22668,5MV1282
22677,5MV1290
22678,5MV1291
22689,5MV1300
22692,5MV1303
22695,5MV1306
22696,5MV1307
22700,5MV1310
22705,5MV1315
22722,5MV1330
22723,5MV1331
22724,5MV1332
22725,5MV1333
22729,5MV1337
22731,5MV1339
22737,5MV1362
22740,5MV1365
22741,5MV1366
22742,5MV1367
22748,5MV1466
22755,5MV1472
22762,5MV1578
22763,5MV1579
22764,5MV158
22767,5MV1582
22768,5MV1787
22769,5MV1788
22770,5MV1789
22772,5MV1790
22773,5MV1791
22774,5MV1792
22775,5MV2011
22776,5MV2012
22780,5MV2016
22783,5MV1369
22788,5MV1373
22789,5MV1374
22790,5MV1375
22800,5MV1384
22804,5MV1388
22806,5MV139
22807,5MV1390
22816,5MV1399
22817,5MV14
22822,5MV1403
22824,5MV1405
22826,5MV1407
22829,5MV141
22832,5MV1412
22834,5MV1414
22836,5MV1416
22837,5MV1417
22839,5MV1419
22840,5MV142
22842,5MV1421
22846,5MV1430
22852,5MV1436
22854,5MV144
22855,5MV1440
22857,5MV1442
22866,5MV1453
22867,5MV1454
22868,5MV1455
22871,5MV1458
22873,5MV146
22878,5MV1477
22879,5MV1478
22881,5MV148
22885,5MV1483
22892,5MV149
22893,5MV1490
22895,5MV1492
22898,5MV1495
22899,5MV1496
22902,5MV1499
22904,5MV150
22908,5MV1503
22910,5MV1505
22914,5MV1509
22915,5MV151
22921,5MV152
22922,5MV1525
22927,5MV1532
22928,5MV1533
22931,5MV1536
22935,5MV154
22938,5MV1542
22940,5MV1544
22944,5MV1548
22947,5MV1552
22950,5MV1555
22952,5MV1557
22953,5MV1558
22955,5MV156
22957,5MV1561
22959,5MV1563
22962,5MV1566
22966,5MV157
22967,5MV1570
22968,5MV1571
22969,5MV1572
22970,5MV1573
22972,5MV1584
22975,5MV1587
22977,5MV1589
22978,5MV159
22986,5MV1597
22988,5MV1599
22990,5MV160
22995,5MV1604
22998,5MV1607
23000,5MV1609
23003,5MV1611
23004,5MV1612
23010,5MV1618
23012,5MV162
23013,5MV1620
23018,5MV1625
23020,5MV1627
23025,5MV1632
23032,5MV1639
23033,5MV164
23037,5MV1643
23042,5MV1649
23043,5MV165
23051,5MV1657
23053,5MV1659
23056,5MV1661
23060,5MV1665
23062,5MV1667
23063,5MV1668
23067,5MV1672
23068,5MV1673
23070,5MV1675
23073,5MV1678
23075,5MV168
23077,5MV1681
23078,5MV1682
23081,5MV1685
23084,5MV1688
23086,5MV169
23087,5MV1690
23088,5MV1691
23095,5MV1698
23097,5MV17
23098,5MV170
23099,5MV1700
23100,5MV1701
23106,5MV1720
23107,5MV1721
23108,5MV1722
23110,5MV1724
23113,5MV1732
23114,5MV1733
23116,5MV1746
23117,5MV1747
23118,5MV1748
23119,5MV1749
23120,5MV175
23123,5MV1752
23124,5MV1753
23125,5MV1754
23126,5MV1755
23127,5MV1756
23129,5MV1758
23132,5MV1760
23134,5MV1762
23141,5MV1769
23143,5MV1770
23144,5MV1771
23145,5MV1772
23148,5MV1775
23149,5MV1776
23150,5MV1777
23151,5MV1778
23153,5MV1780
23158,5MV1785
23162,5MV1795
23163,5MV1796
23164,5MV1797
23167,5MV18
23170,5MV1801
23173,5MV1804
23174,5MV1805
23178,5MV1809
23179,5MV181
23181,5MV1811
23184,5MV1814
23185,5MV1815
23190,5MV182
23191,5MV1820
23192,5MV1821
23196,5MV1825
23197,5MV1826
23198,5MV1827
23199,5MV1828
23201,5MV183
23202,5MV1830
23203,5MV1831
23204,5MV1832
23205,5MV1833
23210,5MV1838
23212,5MV184
23215,5MV1842
23216,5MV1843
23218,5MV1845
23219,5MV1846
23220,5MV1847
23221,5MV1848
23222,5MV1849
23223,5MV185
23224,5MV1850
23225,5MV1851
23226,5MV1852
23227,5MV1853
23229,5MV1855
23231,5MV1857
23238,5MV1863
23239,5MV1864
23241,5MV1866
23244,5MV1869
23246,5MV1870
23251,5MV1879
23253,5MV1880
23255,5MV1882
23259,5MV1886
23260,5MV1887
23261,5MV1888
23262,5MV1889
23265,5MV1891
23267,5MV1894
23269,5MV1896
23270,5MV1897
23271,5MV1898
23272,5MV1899
23274,5MV190
23277,5MV1905
23288,5MV1916
23291,5MV1919
23292,5MV192
23294,5MV1921
23296,5MV1923
23297,5MV1924
23306,5MV1932
23307,5MV1933
23308,5MV1934
23332,5MV196
23361,5MV199
23372,5MV2
23377,5MV2002
23383,5MV2008
23384,5MV2009
23385,5MV201
23386,5MV2010
23388,5MV202
23390,5MV2021
23399,5MV203
23401,5MV2031
23405,5MV2035
23410,5MV204
23417,5MV2046
23419,5MV2048
23421,5MV205
23422,5MV2050
23443,5MV207
23454,5MV208
23465,5MV209
23476,5MV21
23477,5MV210
23496,5MV212
23518,5MV2652
23519,5MV2653
23526,5MV2724
23527,5MV2725
23528,5MV2726
23531,5MV2729
23534,5MV2875
23630,5MV221
23638,5MV222
23642,5MV223
23661,5MV226
23666,5MV227
23677,5MV228
23685,5MV229
23687,5MV23
23688,5MV230
23698,5MV232
23720,5MV234
23730,5MV235
23741,5MV236
23756,5MV238
23766,5MV239
23788,5MV241
23798,5MV242
23803,5MV2424
23806,5MV2427
23808,5MV2429
23809,5MV243
23816,5MV2436
23818,5MV2438
23820,5MV244
23822,5MV2441
23823,5MV2442
23840,5MV2458
23850,5MV2467
23853,5MV247
23864,5MV248
23876,5MV2490
23886,5MV250
23888,5MV2501
23896,5MV2509
23903,5MV2515
23904,5MV2516
23906,5MV2518
23908,5MV252
23909,5MV2520
23910,5MV2521
23912,5MV2523
23913,5MV2524
23914,5MV2525
23918,5MV2529
23919,5MV253
23921,5MV2531
23923,5MV2533
23925,5MV2535
23928,5MV2538
23930,5MV254
23932,5MV2541
23933,5MV2542
23935,5MV2544
23939,5MV2548
23941,5MV255
23942,5MV2550
23943,5MV2551
23944,5MV2552
23945,5MV2553
23946,5MV2554
23948,5MV2556
23951,5MV2559
23953,5MV2560
23956,5MV2563
23962,5MV2569
23965,5MV2571
23966,5MV2572
23967,5MV2573
23968,5MV2574
23973,5MV2579
23974,5MV258
23980,5MV2585
23985,5MV259
23987,5MV2591
23990,5MV2594
23993,5MV2597
23994,5MV2598
23996,5MV260
23998,5MV2601
24000,5MV2603
24002,5MV2605
24003,5MV2606
24008,5MV2610
24009,5MV2611
24010,5MV2612
24012,5MV2614
24017,5MV2619
24019,5MV2620
24023,5MV2624
24024,5MV2625
24025,5MV2626
24026,5MV2627
24028,5MV2629
24029,5MV263
24032,5MV2632
24033,5MV2633
24035,5MV2635
24037,5MV2637
24039,5MV2639
24040,5MV264
24042,5MV2641
24043,5MV2642
24045,5MV2644
24046,5MV2645
24047,5MV2646
24048,5MV2647
24052,5MV2650
24065,5MV2667
24068,5MV267
24073,5MV2674
24077,5MV2678
24078,5MV2679
24079,5MV268
24082,5MV2682
24090,5MV269
24093,5MV2692
24095,5MV2694
24098,5MV2697
24099,5MV2698
24103,5MV2702
24107,5MV2706
24108,5MV2707
24115,5MV2713
24117,5MV2715
24127,5MV2732
24132,5MV2737
24142,5MV2746
24145,5MV2749
24146,5MV275
24190,5MV279
24191,5MV2790
24201,5MV280
24212,5MV281
24217,5MV2814
24218,5MV2815
24220,5MV2817
24222,5MV2819
24225,5MV2821
24226,5MV2822
24227,5MV2823
24228,5MV2824
24230,5MV2826
24231,5MV2827
24232,5MV2828
24234,5MV283
24237,5MV2832
24240,5MV2835
24241,5MV2836
24250,5MV2844
24253,5MV2847
24260,5MV2853
24261,5MV2854
24262,5MV2855
24265,5MV2858
24267,5MV286
24271,5MV2863
24273,5MV2865
24275,5MV2867
24276,5MV2868
24277,5MV2869
24278,5MV287
24280,5MV2871
24284,5MV288
24288,5MV2883
24292,5MV2887
24294,5MV2889
24299,5MV2893
24309,5MV2902
24313,5MV2906
24315,5MV2908
24331,5MV2922
24336,5MV2927
24339,5MV293
24349,5MV2939
24350,5MV294
24357,5MV2946
24362,5MV2950
24363,5MV2951
24364,5MV2952
24372,5MV296
24375,5MV2962
24379,5MV2966
24381,5MV2968
24383,5MV297
24387,5MV2973
24398,5MV2983
24402,5MV2987
24413,5MV2997
24416,5MV3
24417,5MV300
24423,5MV3005
24426,5MV3008
24432,5MV3013
24444,5MV3024
24450,5MV303
24453,5MV3032
24455,5MV3034
24457,5MV3036
24461,5MV304
24466,5MV3044
24478,5MV3055
24483,5MV306
24484,5MV3060
24485,5MV3061
24486,5MV3062
24491,5MV3067
24496,5MV3071
24497,5MV3072
24499,5MV3074
24511,5MV309
24518,5MV3096
24524,5MV3100
24530,5MV3106
24531,5MV3107
24534,5MV311
24535,5MV3110
24543,5MV3118
24545,5MV312
24546,5MV3120
24548,5MV3122
24556,5MV313
24558,5MV3131
24559,5MV3132
24567,5MV314
24580,5MV3151
24586,5MV3157
24588,5MV3159
24589,5MV316
24604,5MV3173
24608,5MV3177
24610,5MV3179
24611,5MV318
24612,5MV3180
24615,5MV3183
24616,5MV3184
24620,5MV3188
24622,5MV319
24626,5MV3193
24627,5MV3194
24634,5MV320
24647,5MV3211
24651,5MV3215
24652,5MV3216
24661,5MV341
24664,5MV3412
24666,5MV3414
24685,5MV4078
24687,5MV408
24690,5MV322
24694,5MV3223
24695,5MV3224
24703,5MV3231
24708,5MV3236
24711,5MV3239
24712,5MV324
24713,5MV3240
24720,5MV3247
24724,5MV3250
24734,5MV326
24742,5MV3267
24745,5MV327
24755,5MV3279
24756,5MV328
24759,5MV3282
24767,5MV329
24769,5MV3291
24787,5MV3307
24795,5MV3314
24800,5MV3319
24819,5MV3336
24825,5MV3341
24827,5MV3343
24834,5MV335
24874,5MV3386
24876,5MV3388
24881,5MV3392
24883,5MV3394
24887,5MV3398
24891,5MV3400
24899,5MV3418
24901,5MV342
24902,5MV3420
24904,5MV3422
24905,5MV3423
24911,5MV3429
24913,5MV3430
24914,5MV3431
24916,5MV3433
24920,5MV3437
24923,5MV344
24933,5MV3449
24936,5MV3451
24945,5MV346
24956,5MV347
24964,5MV3477
24984,5MV35
24985,5MV350
24987,5MV3501
25010,5MV3522
25024,5MV3535
25026,5MV3537
25039,5MV355
25045,5MV3555
25047,5MV3557
25050,5MV356
25051,5MV3560
25083,5MV359
25092,5MV3598
25095,5MV360
25102,5MV3606
25106,5MV361
25110,5MV3613
25112,5MV3615
25116,5MV3619
25117,5MV362
25125,5MV3627
25128,5MV363
25131,5MV3632
25139,5MV364
25140,5MV3640
25141,5MV3641
25142,5MV3642
25144,5MV3644
25147,5MV3647
25153,5MV3652
25158,5MV3657
25163,5MV3661
25170,5MV3668
25172,5MV367
25178,5MV3675
25180,5MV3677
25190,5MV3686
25192,5MV3688
25194,5MV369
25195,5MV3690
25216,5MV3709
25224,5MV3716
25228,5MV372
25229,5MV3720
25246,5MV374
25293,5MV3782
25296,5MV3785
25312,5MV38
25322,5MV3809
25334,5MV382
25335,5MV3820
25345,5MV383
25348,5MV3832
25357,5MV3840
25382,5MV3863
25383,5MV3864
25400,5MV388
25428,5MV391
25440,5MV393
25471,5MV40
25472,5MV400
25473,5MV4001
25476,5MV4004
25478,5MV4006
25480,5MV4008
25481,5MV4009
25486,5MV4013
25487,5MV4014
25493,5MV402
25504,5MV403
25515,5MV404
25516,5MV4040
25518,5MV4042
25520,5MV4044
25523,5MV4047
25525,5MV405
25529,5MV4053
25556,5MV4088
25559,5MV4090
25561,5MV4092
25569,5MV41
25574,5MV4103
25577,5MV4106
25583,5MV4111
25588,5MV4116
25592,5MV412
25603,5MV413
25613,5MV4139
25614,5MV414
25615,5MV4140
25619,5MV4144
25621,5MV4146
25636,5MV416
25643,5MV452
25644,5MV4520
25648,5MV4615
25651,5MV4717
25657,5MV4722
25659,5MV4724
25660,5MV4725
25662,5MV4727
25677,5MV4165
25682,5MV417
25693,5MV418
25715,5MV420
25742,5MV4225
25747,5MV423
25748,5MV4230
25769,5MV425
25775,5MV4255
25780,5MV426
25791,5MV427
25802,5MV428
25812,5MV4291
25832,5MV431
25846,5MV4322
25852,5MV4328
25854,5MV433
25865,5MV434
25876,5MV435
25882,5MV4356
25886,5MV436
25908,5MV438
25916,5MV44
25917,5MV440
25921,5MV441
25926,5MV443
25927,5MV444
25928,5MV445
25929,5MV446
25930,5MV447
25933,5MV45
25935,5MV4500
25937,5MV4502
25938,5MV4503
25943,5MV4508
25944,5MV4509
25946,5MV4510
25947,5MV4511
25948,5MV4512
25949,5MV4513
25952,5MV4516
25954,5MV4522
25956,5MV4524
25957,5MV4525
25962,5MV453
25963,5MV4530
25964,5MV4531
25967,5MV4534
25970,5MV4537
25971,5MV454
25978,5MV4548
25979,5MV455
25982,5MV4552
25984,5MV4554
25986,5MV4556
25989,5MV4559
25990,5MV456
25995,5MV4564
25996,5MV4565
26005,5MV4573
26007,5MV4575
26009,5MV4577
26010,5MV458
26011,5MV4580
26015,5MV4584
26019,5MV4588
26020,5MV4589
26021,5MV459
26022,5MV4591
26024,5MV4593
26028,5MV4599
26029,5MV46
26033,5MV4604
26040,5MV4618
26042,5MV462
26047,5MV4624
26052,5MV463
26057,5MV4640
26058,5MV4642
26060,5MV4644
26061,5MV4645
26064,5MV465
26066,5MV4652
26070,5MV4659
26071,5MV466
26073,5MV4661
26080,5MV467
26089,5MV4678
26093,5MV4681
26099,5MV4687
26103,5MV4690
26106,5MV4693
26108,5MV4695
26110,5MV4697
26111,5MV4698
26113,5MV47
26114,5MV470
26118,5MV4703
26120,5MV4705
26123,5MV4708
26125,5MV471
26127,5MV4711
26129,5MV4713
26133,5MV4728
26138,5MV4732
26141,5MV4735
26143,5MV4737
26151,5MV4744
26158,5MV4750
26164,5MV4758
26165,5MV4759
26167,5MV477
26168,5MV478
26170,5MV4793
26173,5MV4796
26177,5MV48
26189,5MV4812
26199,5MV4827
26201,5MV4829
26206,5MV4833
26209,5MV4836
26210,5MV4837
26212,5MV4839
26215,5MV4841
26217,5MV4843
26218,5MV4844
26222,5MV4848
26227,5MV4852
26232,5MV4857
26233,5MV4858
26237,5MV4861
26241,5MV4865
26246,5MV487
26248,5MV4871
26251,5MV4874
26256,5MV488
26260,5MV49
26266,5MV495
26269,5MV498
26271,5MV5
26272,5MV50
26273,5MV500
26283,5MV51
26284,5MV510
26285,5MV511
26292,5MV518
26304,5MV53
26306,5MV531
26308,5MV533
26309,5MV534
26315,5MV54
26320,5MV544
26321,5MV545
26323,5MV547
26326,5MV55
26332,5MV56
26345,5MV572
26349,5MV577
26350,5MV578
26353,5MV580
26360,5MV587
26361,5MV588
26363,5MV59
26374,5MV6
26375,5MV60
26386,5MV61
26393,5MV616
26398,5MV620
26400,5MV622
26406,5MV628
26410,5MV631
26412,5MV633
26419,5MV64
26429,5MV652
26437,5MV66
26467,5MV70
26470,5MV703
26473,5MV706
26478,5MV710
26479,5MV711
26481,5MV713
26482,5MV714
26484,5MV716
26489,5MV720
26492,5MV723
26493,5MV724
26497,5MV728
26499,5MV73
26500,5MV730
26501,5MV731
26510,5MV74
26512,5MV741
26515,5MV744
26521,5MV75
26523,5MV751
26524,5MV752
26527,5MV755
26538,5MV765
26540,5MV767
26542,5MV769
26543,5MV77
26544,5MV770
26545,5MV771
26546,5MV772
26549,5MV775
26551,5MV777
26552,5MV778
26553,5MV779
26554,5MV78
26559,5MV784
26565,5MV79
26576,5MV8
26577,5MV80
26580,5MV802
26582,5MV804
26585,5MV807
26588,5MV893
26589,5MV894
26590,5MV895
26592,5MV98
26596,5MV983
26597,5MV984
26598,5MV985
26599,5MV986
26612,5MV82
26619,5MV826
26631,5MV837
26632,5MV838
26633,5MV839
26636,5MV841
26638,5MV843
26646,5MV850
26651,5MV855
26653,5MV857
26654,5MV858
26656,5MV86
26670,5MV873
26673,5MV876
26677,5MV885
26679,5MV89
26681,5MV891
26683,5MV897
26686,5MV9
26687,5MV90
26690,5MV902
26698,5MV910
26702,5MV914
26708,5MV920
26710,5MV922
26712,5MV924
26713,5MV925
26720,5MV932
26721,5MV933
26727,5MV94
26730,5MV942
26737,5MV950
26740,5MV953
26741,5MV954
26742,5MV955
26743,5MV956
26744,5MV957
26745,5MV958
26747,5MV96
26749,5MV961
26757,5MV97
26763,5MV976
26769,5MV993
26867,5MV1236
26873,5MV1243
26874,5MV1244
26878,5MV1426
26881,5MV1446
26899,5MV163
26900,5MV167
26904,5MV1706
26912,5MV1715
26914,5MV1717
26937,5MV1892
27002,5MV4818
27016,5MV937
20903,5MT2154
20933,5MT2553
22434,5MV1
22576,5MV117
23071,5MV1676
26672,5MV875
104,5MT3936
2590,5MT2181
2650,5MT2236
6729,5MT8371
16703,5MV1966
16719,5MT8822
16720,5MT8839
16723,5MT8827
16740,5MT3930
16741,5MT3951
16750,NA
16761,5MT262
16764,5MT5478
16769,NA
16787,5MT3892
16815,5MT2148
16817,5MT2527
18954,5MT1253
21033,5MT2785
21315,5MT4587
21871,5MT8651
22226,5MT9863
22236,5MT9873
22380,5MT9942
22381,5MT9943
22387,5MT9949
22457,5MV102
22496,5MV1062
22636,5MV1253
22691,5MV1302
22785,5MV1370
22818,5MV140
22845,5MV143
23311,5MV1937
23315,5MV1940
23456,5MV2081
25018,5MV353
26488,5MV72
30002,2021-02
30003,2021-03
30006,2021-06
30007,2021-07
30008,2021-08
30010,2021-10
30011,2021-11
30012,2021-12
30016,2021-16
30017,5MT01187
30019,5MT01269
30020,5MT01913
30022,5MT01915
30029,5MT01920
30033,5MT01928
30036,5MT01940
30037,5MT01941
30039,5MT01942
30040,5MT01943
30048,5MT01948
30049,5MT01948
30051,5MT01949
30054,5MT01952
30056,5MT01953
30063,5MT01961
30064,5MT01962
30066,5MT01966
30070,5MT01968
30078,5MT09815
30079,5MT10478
30080,5MT10479
30081,5MT10480
30082,5MT10481
30085,5MT10484
30087,5MT10489
30090,5MT10490
30091,5MT10490
30093,5MT10490
30095,5MT10594
30096,5MT10595
30098,5MT11324
30099,5MT11325
30100,5MT11326
30103,5MT11328
30104,5MT11329
30109,5MT17257
30110,5MT17257
30117,5MT17259
30121,5MT17260
30122,5MT17260
30124,5MT17264
30125,5MT17265
30126,5MT17266
30127,5MT17291
30128,5MT17419
30131,5MT17551
30133,5MT17564
30135,5MT17564
30136,5MT17566
30137,5MT17567
30148,5MT17578
30152,5MT17583
30154,5MT17583
30155,5MT23290
30158,5MT23458
30163,5MT23462
30164,5MT23462
30165,5MT23462
30167,5MT23464
30168,5MT23465
30172,5MT23469
30174,5MT23471
30179,5MT23474
30181,5MT23474
30182,5MT23476
30189,5MT23480
30190,5MT23480
30191,5MT23480
30194,5MT23483
30199,5MT23488
30200,5MT23488
30202,5MT23490
30205,5MT23493
30206,5MT23493
30207,5MT23494
30208,5MT23494
30209,5MT23494
30212,5MT23497
30214,5MT23497
30215,5MT23497
30216,5MT23498
30217,5MT23499
30218,5MT23500
30219,5MT23501
30220,5MT23502
30224,5MT23506
30231,5MT23511
30235,5MV04485
30236,5MV04486
30000,2021-00
30094,5MT10594
30097,5MT10834
30132,5MT17552
30150,5MT17582
30161,5MT23461
30192,5MT23481
6290,5MT7414
8373,5MV3918
8445,5MT10991F
17783,5MT10991T
17784,5MT10991U
18373,5MT10600
18935,5MT1244
19565,5MT16465
20934,5MT2554
22511,5MV108
22548,5MV112
22556,5MV113
22565,5MV114
22572,5MV115
22580,5MV118
22611,5MV1219
22707,5MV1317
25015,5MV3527
25016,5MV3528
25127,5MV3629
25138,5MV3639
25302,5MV3790
25788,5MV4267
26265,5MV494
26421,5MV641
26455,5MV68
26463,5MV697
26526,5MV754
26584,5MV806
26600,5MV809
25038,5MV3549
25223,5MV3715
26567,5MV791
30004,2021-04
30034,5MT01929
30053,5MT01951
30210,5MT23495
2,5MT19157
31,5MT19182
33,5MT5151
41,5MT5395
52,5MT19193
58,5MT19197
63,5MT5148
76,5MT19207
95,5MT19217
103,5MT19222
138,5MT19245
144,5MT19249
163,5MT19258
166,5MT19259
181,5MT19268
186,5MT19273
251,5MT19314
255,5MT19318
257,5MT19803
262,5MT19322
275,5MT19331
314,5MT19362
371,5MT19401
394,5MT19417
449,5MT2800
451,5MT10992
456,5MT10997
468,5MT1828
471,5MT1826
503,5MT4948
526,5DL1309
529,5DL1342
549,5DL524
553,5DL541
556,5DL544
563,5DL598
600,5MT10301
603,5MT10304
610,5MT10328
635,5MT10381
640,5MT10386
648,5MT10394
650,5MT10396
653,5MT10399
715,5MT10558
719,5MT10562
788,5MT10649
789,5MT10650
964,5MT10837
966,5MT10839
967,5MT10840
970,5MT10843
979,5MT10950
980,5MT10951
982,5MT10953
983,5MT10954
986,5MT10957
1031,5MT11059
1032,5MT11060
1035,5MT11063
1041,5MT11069
1074,5MT11311
1075,5MT11332
1076,5MT11333
1095,5MT11360
1097,5MT11362
1108,5MT11393
1131,5MT11510
1133,5MT11513
1140,5MT11570
1141,5MT11571
1146,5MT11576
1149,5MT11579
1150,5MT11580
1154,5MT11584
1165,5MT11595
1187,5MT11617
1208,5MT11639
1221,5MT11699
1229,5MT11764
1238,5MT11812
1243,5MT11817
1263,5MT11854
1269,5MT1186
1278,5MT11892
1283,5MT11897
1286,5MT11900
1289,5MT11903
1290,5MT11904
1308,5MT11921
1311,5MT11924
1326,5MT11939
1330,5MT11943
1331,5MT11944
1337,5MT11982
1358,5MT12065
1361,5MT12068
1362,5MT12069
1372,5MT12098
1376,5MT12102
1377,5MT12106
1381,5MT12110
1385,5MT12114
1394,5MT12129
1412,5MT12184
1416,5MT12188
1418,5MT12190
1420,5MT12192
1450,5MT12576
1456,5MT12583
1458,5MT12585
1485,5MT12622
1486,5MT12624
1494,5MT12644
1495,5MT12645
1503,5MT12653
1508,5MT12662
1563,5MT128
1566,5MT1284
1608,5MT12945
1628,5MT12974
1644,5MT12992
1652,5MT13000
1663,5MT13012
1688,5MT13042
1769,5MT13302
1790,5MT13323
1796,5MT13329
1806,5MT13340
1821,5MT13355
1836,5MT13370
1873,5MT13406
1966,5MT13570
1984,5MT13588
2000,5MT13603
2001,5MT13604
2034,5MT13727
2036,5MT13729
2071,5MT14539
2109,5MT1539
2110,5MT1540
2149,5MT1582
2153,5MT1586
2200,5MT1632
2218,5MT1649
2221,5MT1651
2229,5MT1659
2252,5MT1681
2255,5MT1684
2257,5MT1686
2288,5MT1719
2312,5MT1743
2324,5MT1755
2357,5MT1787
2366,5MT1796
2373,5MT1803
2374,5MT1804
2376,5MT1806
2392,5MT1821
2395,5MT1824
2398,5MT1827
2423,5MT1854
2426,5MT187
2430,5MT190
2445,5MT1925
2449,5MT1934
2451,5MT1936
2487,5MT1981
2500,5MT1999
2503,5MT2000
2550,5MT2109
2627,5MT2215
2724,5MT2333
2746,5MT236
2747,5MT2360
2775,5MT2392
2846,5MT248
2854,5MT2488
2859,5MT2492
2861,5MT2494
2896,5MT254
2959,5MT2678
2979,5MT2704
2995,5MT274
3010,5MT278
3016,5MT280
3018,5MT2801
3054,5MT2872
3061,5MT2883
3119,5MT3055
3252,5MT3188
3260,5MT3195
3314,5MT3260
3319,5MT3266
3386,5MT358
3398,5MT3696
3399,5MT3697
3400,5MT3698
3441,5MT3758
3463,5MT3788
3485,5MT3812
3496,5MT3824
3498,5MT3826
3499,5MT3827
3502,5MT3830
3555,5MT3889
3586,5MT3922
3599,5MT3934
3602,5MT3938
3603,5MT3940
3608,5MT3946
3609,5MT3947
3657,5MT3997
3707,5MT4071
3722,5MT4085
3727,5MT409
3728,5MT4090
3729,5MT4091
3730,5MT4092
3733,5MT4095
3738,5MT410
3747,5MT412
3748,5MT413
3753,5MT420
3756,5MT4205
3805,5MT4298
3824,5MT4328
3837,5MT4344
3838,5MT4345
3856,5MT4371
3865,5MT4381
3888,5MT4410
3894,5MT4416
3898,5MT4420
3904,5MT4426
3907,5MT4429
3921,5MT4458
3923,5MT446
4142,5MT4698
4267,5MT4837
4278,5MT4850
4287,5MT4859
4295,5MT4866
4297,5MT4868
4298,5MT4869
4316,5MT4885
4346,5MT4927
4347,5MT4928
4351,5MT4933
4357,5MT4939
4364,5MT4945
4400,5MT4992
4402,5MT4994
4403,5MT4995
4404,5MT4996
4407,5MT5001
4418,5MT5013
4435,5MT5029
4441,5MT5034
4445,5MT5038
4451,5MT5043
4452,5MT5044
4712,5MT537
4765,5MT5450
4923,5MT5731
4942,5MT5772
4953,5MT5784
4969,5MT5801
4971,5MT5804
4983,5MT5816
4989,5MT5823
4994,5MT5828
5290,5MT6192
5291,5MT6193
5293,5MT6195
5296,5MT6198
5300,5MT6203
5311,5MT6225
5322,5MT6255
5323,5MT6256
5352,5MT6287
5354,5MT6289
5357,5MT6292
5359,5MT6294
5360,5MT6295
5369,5MT6304
5374,5MT6309
5384,5MT6319
5394,5MT6329
5420,5MT6355
5430,5MT6378
5495,5MT645
5641,5MT6606
5661,5MT663
5704,5MT667
5769,5MT6731
5770,5MT6732
5771,5MT6733
5780,5MT6741
5781,5MT6742
5783,5MT6744
5793,5MT6753
5796,5MT6757
5799,5MT676
5804,5MT6764
5821,5MT678
5873,5MT6830
5881,5MT6841
5890,5MT6852
5949,5MT6939
5952,5MT6942
5953,5MT6944
5954,5MT6945
5957,5MT6948
5966,5MT6957
5967,5MT6958
5968,5MT6959
5969,5MT696
5975,5MT6966
5984,5MT6983
6043,5MT7091
6055,5MT715
6066,5MT7170
6168,5MT7301
6205,5MT7336
6216,5MT7346
6296,5MT742
6301,5MT743
6305,5MT747
6336,5MT7516
6349,5MT7531
6350,5MT7532
6364,5MT7551
6372,5MT7576
6373,5MT7577
6391,5MT764
6410,5MT774
6411,5MT775
6414,5MT778
6424,5MT789
6426,5MT791
6432,5MT792
6435,5MT7949
6438,5MT7951
6451,5MT7963
6454,5MT7966
6480,5MT8000
6501,5MT8024
6513,5MT8046
6516,5MT8049
6525,5MT8057
6526,5MT8058
6530,5MT8061
6599,5MT8206
6623,5MT8231
6638,5MT8245
6642,5MT825
6652,5MT8259
6654,5MT8260
6663,5MT827
6694,5MT8301
6737,5MT8379
6738,5MT838
6760,5MT8403
6787,5MT845
6806,5MT847
6809,5MT848
6810,5MT849
6811,5MT8494
6839,5MT8529
6845,5MT8534
6846,5MT8535
6848,5MT8537
6865,5MT8554
6871,5MT8560
6889,5MT8578
6900,5MT860
6904,5MT8605
6906,5MT8608
6917,5MT862
6985,5MT8802
7044,5MT8885
7051,5MT8891
7061,5MT8901
7068,5MT8912
7079,5MT8925
7088,5MT8935
7092,5MT8939
7104,5MT8983
7119,5MT9004
7121,5MT9006
7141,5MT9076
7145,5MT908
7146,5MT9080
7148,5MT9082
7149,5MT9083
7152,5MT9086
7154,5MT9088
7155,5MT9089
7157,5MT9091
7158,5MT9092
7163,5MT9098
7164,5MT9100
7167,5MT9103
7168,5MT9104
7169,5MT9105
7173,5MT9109
7174,5MT9110
7175,5MT9111
7176,5MT9112
7177,5MT9113
7179,5MT9115
7181,5MT9117
7182,5MT9118
7187,5MT9131
7188,5MT9132
7190,5MT9134
7196,5MT914
7205,5MT9149
7228,5MT9170
7231,5MT919
7271,5MT9287
7311,5MT9341
7329,5MT9360
7335,5MT9366
7336,5MT9367
7338,5MT9369
7341,5MT9371
7346,5MT9376
7351,5MT9380
7363,5MT9392
7369,5MT9398
7373,5MT9401
7374,5MT9402
7375,5MT9403
7377,5MT9405
7379,5MT9407
7381,5MT9409
7390,5MT942
7391,5MT943
7403,5MT9452
7414,5MT959
7421,5MT964
7475,5MV1874
7516,5MV2305
7525,5MV883
7659,5MT13585
7676,5MT13329
7708,NA
7762,5MT10582
7764,5MT10620
7977,5MT2038
7981,5MT2042
7989,5MT2063
8132,5MT398
8180,5MT4729
8280,5MT6931
8367,5MV3910
8368,5MV3911
8384,5MV889
16691,5MT12087
16694,5MT5183
17262,5MT14964
17265,5MT14970
17341,5MT15020
17559,5MT15249
17633,5MT15344
17638,5MT15319
17834,5DL1007
17842,5DL1079
17859,5DL1360
17906,5DL169
17923,5DL263
17926,5DL265
17927,5DL266
17967,5DL393
18027,5DL525
18040,5DL545
18105,5DL616
18115,5DL712
18121,5DL720
18129,5DL742
18133,5DL772
18146,5DL804
18162,5DL856
18175,5DL975
18176,5DL976
18181,5DL989
18183,5DL990
18184,5DL991
18185,5DL992
18201,5LP3395
18216,5MT10321
18221,5MT10330
18223,5MT10332
18232,5LP4283
18250,5MT10001
18252,5MT10003
18254,5MT10005
18258,5MT10009
18261,5MT10012
18262,5MT10013
18286,5MT10180
18291,5MT10185
18293,5MT10187
18301,5MT10197
18302,5MT10198
18303,5MT10199
18306,5MT10201
18307,5MT10203
18338,5MT10478
18339,5MT10479
18347,5MT10488
18348,5MT10489
18408,5MT10857
18468,5MT11151
18622,5MT11324
18624,5MT11326
18625,5MT11327
18627,5MT11329
18698,5MT11504
18714,5MT11532
18716,5MT11534
18718,5MT11536
18723,5MT11541
18726,5MT11544
18728,5MT11546
18729,5MT11547
18798,5MT11949
18927,5MT12383
19208,5MT14428
19230,5MT14458
19234,5MT14462
19244,5MT14472
19249,5MT14477
19314,5MT14587
19349,5MT14836
19374,5MT15155
19539,5MT16079
19558,5MT16458
19582,5MT16505
19616,5MT16560
19620,5MT16564
19723,5MT16720
19810,5MT16857
19814,5MT16861
19818,5MT16865
19825,5MT16901
19826,5MT16902
19834,5MT16910
19874,5MT17047
19876,5MT17049
19878,5MT17051
19901,5MT17091
20090,5MT17652
20098,5MT17721
20118,5MT18640
20150,5MT18372
20336,5MT18577
20403,5MT18713
20408,5MT18718
20410,5MT18720
20411,5MT18721
20427,5MT18742
20442,5MT18794
20491,5MT18851
20561,5MT19016
20669,5MT19479
20850,5MT19768
20929,5MT2510
20935,5MT2556
20938,5MT2561
20946,5MT2572
21025,5MT2767
21123,5MT3761
21129,5MT3787
21260,5MT430
21281,5MT4388
21288,5MT4431
21318,5MT4590
21344,5MT4952
21382,5MT544
21388,5MT548
21471,5MT5744
21529,5MT643
21537,5MT6601
21538,5MT6602
21542,5MT6840
21604,5MT7544
21619,5MT7429
21639,5MT7451
21649,5MT7461
21651,5MT7463
21652,5MT7464
21654,5MT7466
21701,5MT7697
21711,5MT7708
21713,5MT7710
21715,5MT7712
21717,5MT7714
21719,5MT7716
21726,5MT7724
21732,5MT7732
21752,5MT7777
21787,5MT7997
21788,5MT8002
21793,5MT8033
21829,5MT8909
21848,5MT8292
21857,5MT8519
21900,5MT8931
21911,5MT8999
21914,5MT9001
21993,5MT9429
21994,5MT9430
22029,5MT9542
22030,5MT9543
22038,5MT9554
22075,5MT9681
22077,5MT9687
22084,5MT9694
22095,5MT9987
22110,5MV1347
22115,5MV1351
22123,5MV1359
22211,5MT9849
22213,5MT9850
22231,5MT9868
22235,5MT9872
22272,5MT991226
22273,5MT991230
22287,5MT991442
22288,5MT991443
22350,5MT991888
22351,5MT991889
22358,5MT9920
22360,5MT9922
22363,5MT9925
22364,5MT9926
22377,5MT9939
22379,5MT9941
22382,5MT9944
22385,5MT9947
22386,5MT9948
22391,5MT9953
22396,5MT9958
22398,5MT9960
22407,5MT9969
22409,5MT9971
22413,5MT9975
22420,5MT9982
22426,5MT9992
22428,5MT9994
22429,5MT9995
22444,5MV1008
22508,5MV1077
22559,5MV1132
22567,5MV1143
22570,5MV1146
22608,5MV1216
22628,5MV1246
22630,5MV1248
22663,5MV1278
22674,5MV1288
22681,5MV1294
22682,5MV1295
22685,5MV1298
22686,5MV1299
22697,5MV1308
22703,5MV1313
22708,5MV1318
22714,5MV1323
22717,5MV1326
22718,5MV1327
22726,5MV1334
22727,5MV1335
22728,5MV1336
22730,5MV1338
22733,5MV1340
22738,5MV1363
22750,5MV1468
22779,5MV2015
22787,5MV1372
22810,5MV1393
22813,5MV1396
22820,5MV1401
22828,5MV1409
22848,5MV1432
22849,5MV1433
22864,5MV1451
22889,5MV1487
22920,5MV1514
22942,5MV1546
22961,5MV1565
22991,5MV1600
22997,5MV1606
23027,5MV1634
23030,5MV1637
23031,5MV1638
23057,5MV1662
23069,5MV1674
23101,5MV1703
23104,5MV1719
23105,5MV172
23122,5MV1751
23128,5MV1757
23138,5MV1766
23152,5MV1779
23187,5MV1817
23235,5MV1860
23237,5MV1862
23243,5MV1868
23248,5MV1876
23250,5MV1878
23282,5MV191
23316,5MV1941
23375,5MV2000
23376,5MV2001
23379,5MV2004
23380,5MV2005
23397,5MV2028
23407,5MV2037
23411,5MV2040
23414,5MV2043
23415,5MV2044
23432,5MV206
23447,5MV2073
23467,5MV2091
23469,5MV2093
23516,5MV2365
23530,5MV2728
23536,5MV2877
23537,5MV3083
23544,5MV213
23584,5MV2166
23620,5MV22
23628,5MV2206
23634,5MV2213
23649,5MV2237
23686,5MV2292
23690,5MV231
23710,5MV2330
23745,5MV237
23761,5MV2384
23800,5MV2421
23821,5MV2440
23834,5MV2452
23849,5MV2466
23868,5MV2483
23869,5MV2484
23872,5MV2487
23877,5MV2491
23879,5MV2493
23882,5MV2496
23884,5MV2498
23898,5MV2510
23947,5MV2555
23972,5MV2578
23975,5MV2580
23977,5MV2582
23981,5MV2586
23989,5MV2593
23995,5MV2599
24016,5MV2618
24036,5MV2636
24055,5MV2658
24100,5MV2699
24105,5MV2704
24119,5MV2717
24120,5MV2718
24136,5MV2740
24138,5MV2742
24148,5MV2751
24152,5MV2755
24154,5MV2757
24162,5MV2764
24170,5MV2771
24193,5MV2792
24229,5MV2825
24233,5MV2829
24239,5MV2834
24245,5MV284
24252,5MV2846
24258,5MV2851
24274,5MV2866
24279,5MV2870
24282,5MV2878
24285,5MV2880
24289,5MV2884
24291,5MV2886
24301,5MV2895
24329,5MV2920
24332,5MV2923
24366,5MV2954
24377,5MV2964
24386,5MV2972
24389,5MV2975
24390,5MV2976
24394,5MV298
24403,5MV2988
24407,5MV2991
24409,5MV2993
24411,5MV2995
24415,5MV2999
24419,5MV3001
24421,5MV3003
24427,5MV3009
24428,5MV301
24430,5MV3011
24436,5MV3017
24446,5MV3026
24448,5MV3028
24451,5MV3030
24456,5MV3035
24458,5MV3037
24468,5MV3046
24482,5MV3059
24498,5MV3073
24506,5MV3080
24510,5MV3089
24513,5MV3091
24517,5MV3095
24520,5MV3098
24521,5MV3099
24523,5MV310
24525,5MV3101
24527,5MV3103
24573,5MV3145
24578,5MV315
24581,5MV3152
24582,5MV3153
24583,5MV3154
24585,5MV3156
24609,5MV3178
24617,5MV3185
24636,5MV3201
24642,5MV3207
24682,5MV4074
24688,5MV4081
24691,5MV3220
24699,5MV3228
24705,5MV3233
24728,5MV3254
24733,5MV3259
24751,5MV3275
24765,5MV3288
24796,5MV3315
24803,5MV3321
24806,5MV3324
24814,5MV3331
24826,5MV3342
24840,5MV3355
24852,5MV3366
24865,5MV3378
24909,5MV3427
25042,5MV3552
25046,5MV3556
25067,5MV3575
25104,5MV3608
25135,5MV3636
25160,5MV3659
25165,5MV3663
25168,5MV3666
25205,5MV37
25308,5MV3796
25316,5MV3802
25318,5MV3805
25329,5MV3815
25339,5MV3824
25368,5MV3850
25379,5MV3860
25380,5MV3861
25385,5MV3866
25390,5MV3870
25391,5MV3871
25435,5MV3925
25485,5MV4012
25503,5MV4029
25507,5MV4032
25510,5MV4035
25512,5MV4037
25519,5MV4043
25526,5MV4050
25528,5MV4052
25530,5MV4054
25547,5MV407
25567,5MV4098
25571,5MV4100
25582,5MV4110
25618,5MV4143
25653,5MV4719
25655,5MV4720
25656,5MV4721
25658,5MV4723
25666,5MV558
25678,5MV4166
25680,5MV4168
25685,5MV4172
25689,5MV4176
25692,5MV4179
25698,5MV4184
25703,5MV4189
25710,5MV4195
25711,5MV4196
25731,5MV4214
25781,5MV4260
25798,5MV4276
25801,5MV4279
25803,5MV4280
25813,5MV4292
25824,5MV4302
25848,5MV4324
25850,5MV4326
25872,5MV4346
25875,5MV4349
25879,5MV4353
25892,5MV4365
25896,5MV4369
25939,5MV4504
25945,5MV451
25950,5MV4514
25960,5MV4528
25965,5MV4532
25974,5MV4544
25976,5MV4546
25983,5MV4553
25987,5MV4557
25994,5MV4563
25997,5MV4566
26003,5MV4571
26008,5MV4576
26013,5MV4582
26026,5MV4595
26043,5MV4620
26046,5MV4623
26054,5MV4634
26069,5MV4658
26074,5MV4664
26078,5MV4668
26083,5MV4672
26097,5MV4685
26107,5MV4694
26117,5MV4702
26122,5MV4707
26126,5MV4710
26137,5MV4731
26139,5MV4733
26142,5MV4736
26159,5MV4751
26163,5MV4755
26171,5MV4794
26175,5MV4798
26186,5MV481
26203,5MV4830
26204,5MV4831
26205,5MV4832
26211,5MV4838
26230,5MV4855
26243,5MV4867
26249,5MV4872
26252,5MV4875
26268,5MV497
26340,5MV568
26355,5MV582
26366,5MV592
26376,5MV600
26380,5MV604
26401,5MV623
26405,5MV627
26445,5MV67
26474,5MV707
26475,5MV708
26525,5MV753
26532,5MV76
26563,5MV788
26581,5MV803
26583,5MV805
26623,5MV83
26634,5MV84
26640,5MV845
26641,5MV846
26649,5MV853
26655,5MV859
26657,5MV861
26658,5MV862
26675,5MV88
26705,5MV917
26711,5MV923
26736,5MV95
26870,5MV1239
26965,5MV4413
26966,5MV4415
26968,5MV4417
30074,5MT01972
30193,5MT23482
30197,5MT23486
98,5MT3925
415,5MT16778
418,5MT16777
420,5MT16783
421,5MT16781
423,5MT16789
428,5MT16803
430,5MT16808
568,5DL859
569,5DL860
570,5DL861
578,5MT1000
680,5MT10438
786,5MT10647
976,5MT10853
1171,5MT11601
1373,5MT121
1466,5MT12598
1599,5MT12936
1687,5MT13041
1996,5MT136
2111,5MT1541
2216,5MT1647
2217,5MT1648
2225,5MT1655
2546,5MT207
2711,5MT2320
2818,5MT245
2873,5MT2516
2947,5MT2663
3382,5MT35
3467,5MT3793
3495,5MT3822
3546,5MT3879
3825,5MT4329
3844,5MT4353
3914,5MT4450
3940,5MT4479
4067,5MT4623
4128,5MT4683
4129,5MT4684
4144,5MT4700
4235,5MT4803
4242,5MT4813
4405,5MT5
4516,5MT5106
4518,5MT5108
4532,5MT5121
4815,5MT5518
5136,5MT6
5886,5MT6849
6040,5MT7088
6065,5MT717
6371,5MT7575
6400,5MT7656
6458,5MT797
6708,5MT835
6746,5MT839
6952,5MT875
7645,5DL492
7651,5DL488
7709,NA
7711,NA
7751,5MT4466A
7752,5MT4466B
8199,5MT5006
8253,5MT603
8311,5MV1153
8316,5MV1159
8317,5MV1160
8422,5MT4421A
8423,5DL717
8435,5MT6794
8440,5MT10991A
8441,5MT10991B
8455,5MT10581A
8456,5MT10581B
8458,NA
8459,5DL578
8460,NA
8461,5DL506
8462,NA
8463,5MT4421B
8465,5MT1905
16692,5MT532
16710,5MT4480
16863,5MT697
17781,5MT10991O
17785,5MT10991E
17795,5MT13314
17800,5MT13314
17801,5MT13314
17802,5MT296
17806,5MT16785
19798,5MT16844
21036,5MT2788
21739,5MT7740
22098,5MV111
22594,5MV1201
22610,5MV1218
22614,5MV1221
22632,5MV125
22710,5MV132
22801,5MV1385
23006,5MV1614
23007,5MV1615
23024,5MV1631
23036,5MV1642
23038,5MV1644
23040,5MV1647
23059,5MV1664
23074,5MV1679
23300,5MV1927
23301,5MV1928
23302,5MV1929
23827,5MV2446
23846,5MV2463
23856,5MV2472
23860,5MV2476
23861,5MV2477
23862,5MV2478
23863,5MV2479
23866,5MV2481
23867,5MV2482
24244,5MV2839
24247,5MV2841
24249,5MV2843
24266,5MV2859
24305,5MV2899
24308,5MV2901
24312,5MV2905
24321,5MV2913
24325,5MV2917
24345,5MV2935
24347,5MV2937
24352,5MV2941
24367,5MV2955
24376,5MV2963
24378,5MV2965
24382,5MV2969
24490,5MV3066
24552,5MV3126
24633,5MV32
24644,5MV3209
24659,5MV3408
24674,5MV3726
24676,5MV398
24696,5MV3225
24704,5MV3232
24732,5MV3258
24737,5MV3262
24741,5MV3266
24746,5MV3270
24760,5MV3283
24764,5MV3287
24766,5MV3289
24772,5MV3294
24778,5MV33
24780,5MV3300
24784,5MV3304
24793,5MV3312
24797,5MV3316
24845,5MV336
24856,5MV337
25009,5MV3521
25013,5MV3525
25017,5MV3529
25027,5MV3538
25029,5MV3540
25031,5MV3542
25037,5MV3548
25040,5MV3550
25041,5MV3551
25044,5MV3554
25120,5MV3622
25197,5MV3692
25201,5MV3696
25203,5MV3698
25209,5MV3702
25211,5MV3704
25214,5MV3707
25221,5MV3713
25225,5MV3717
25232,5MV3723
25234,5MV3729
25239,5MV3733
25241,5MV3735
25245,5MV3739
25248,5MV3741
25252,5MV3745
25254,5MV3747
25255,5MV3748
25257,5MV375
25258,5MV3750
25259,5MV3751
25262,5MV3754
25263,5MV3755
25326,5MV3812
25330,5MV3816
25378,5MV386
25496,5MV4022
25499,5MV4025
25500,5MV4026
25541,5MV4064
25542,5MV4065
25543,5MV4066
25595,5MV4122
25799,5MV4277
25800,5MV4278
25958,5MV4526
26146,5MV474
26150,5MV4743
26202,5MV483
26262,5MV491
26295,5MV520
26297,5MV522
26299,5MV524
26503,5MV733
26505,5MV735
26516,5MV745
26519,5MV748
26531,5MV759
26557,5MV782
26566,5MV790
26614,5MV821
26621,5MV828
26635,5MV840
26663,5MV867
26750,5MV962
26751,5MV963
26754,5MV966
27083,5MV3146
27084,5MV3234
27085,5MV3292
27088,5MV3749
28,5MT19179
44,5MT1670
61,5MT6285
81,5MT19212
82,5MT19213
100,5MT6724
115,5MT19229
128,5MT3799
132,5MT19242
133,5MT19339
134,5MT3798
142,5MT3914
151,5MT3901
160,5MT3924
201,5MT19284
218,5MT19299
222,5MT3958
264,5MT19323
283,5MT16798
322,5MT19367
323,5MT19368
340,5MT19380
357,5MT3803
370,5MT1747
375,5MT19403
378,5MT1752
381,5MT19407
389,5MT19412
391,5MT19414
393,5MT19416
396,5MT19418
405,5MT19424
417,5MT16787
424,5MT17382
431,5MT19432
439,5MT19439
440,5MT19440
491,5MT733
499,5MT2760
534,5DL1601
538,5DL1606
550,5DL531
558,5DL555
560,5DL557
580,5MT101
636,5MT10382
637,5MT10383
654,5MT104
657,5MT10402
750,5MT10608
751,5MT10609
754,5MT10612
763,5MT10624
764,5MT10625
766,5MT10627
772,5MT10633
785,5MT10646
801,5MT10662
813,5MT10674
825,5MT10686
827,5MT10688
851,5MT10711
855,5MT10715
865,5MT10725
870,5MT10730
927,5MT10796
931,5MT108
943,5MT10814
945,5MT10817
969,5MT10842
989,5MT10968
1087,5MT11352
1109,5MT11394
1128,5MT11431
1144,5MT11574
1145,5MT11575
1169,5MT11599
1207,5MT11637
1231,5MT11795
1242,5MT11816
1274,5MT11889
1288,5MT11902
1294,5MT11908
1299,5MT11912
1315,5MT11928
1325,5MT11938
1327,5MT11940
1328,5MT11941
1367,5MT12084
1393,5MT12128
1429,5MT12200
1463,5MT12595
1477,5MT12613
1482,5MT12619
1483,5MT12620
1484,5MT12621
1500,5MT12650
1501,5MT12651
1504,5MT12654
1507,5MT12658
1512,5MT127
1592,5MT12929
1595,5MT12932
1598,5MT12935
1611,5MT12948
1621,5MT12967
1622,5MT12968
1654,5MT13002
1659,5MT13007
1713,5MT13241
1770,5MT13303
1784,5MT13317
1787,5MT13320
1804,5MT13339
1809,5MT13343
1834,5MT13368
1853,5MT13387
1858,5MT13392
1870,5MT13403
1880,5MT13413
1888,5MT13421
1889,5MT13422
1890,5MT13423
1892,5MT13425
1899,5MT13432
1902,5MT13435
1904,5MT13437
1909,5MT13442
1944,5MT13547
1947,5MT13550
1952,5MT13555
1953,5MT13556
1954,5MT13557
1955,5MT13558
1957,5MT13560
1958,5MT13561
1963,5MT13567
1965,5MT13569
1970,5MT13574
1971,5MT13575
1978,5MT13582
1986,5MT13590
1987,5MT13591
1988,5MT13592
1989,5MT13593
1992,5MT13596
1994,5MT13598
2003,5MT13606
2018,5MT13621
2021,5MT13634
2022,5MT13635
2024,5MT13637
2025,5MT13639
2027,5MT13641
2028,5MT13642
2059,5MT13816
2060,5MT13817
2064,5MT13913
2070,5MT14538
2081,5MT1512
2085,5MT1516
2102,5MT1531
2114,5MT1544
2119,5MT1549
2122,5MT1552
2124,5MT1554
2148,5MT1581
2150,5MT1583
2154,5MT1587
2157,5MT159
2163,5MT1595
2166,5MT1598
2168,5MT1602
2170,5MT1604
2173,5MT1607
2174,5MT1608
2175,5MT1609
2178,5MT1611
2180,5MT1613
2191,5MT1623
2197,5MT163
2205,5MT1637
2209,5MT1640
2215,5MT1646
2230,5MT166
2237,5MT1666
2238,5MT1667
2242,5MT1671
2243,5MT1672
2262,5MT1690
2272,5MT1703
2274,5MT1705
2291,5MT1721
2295,5MT1725
2298,5MT1730
2300,5MT1732
2302,5MT1734
2305,5MT1737
2317,5MT1749
2340,5MT177
2343,5MT1772
2344,5MT1773
2349,5MT178
2355,5MT1785
2358,5MT1788
2360,5MT1790
2361,5MT1791
2383,5MT1812
2384,5MT1813
2387,5MT1817
2400,5MT1829
2401,5MT183
2405,5MT1833
2406,5MT1834
2420,5MT1848
2429,5MT189
2478,5MT197
2479,5MT1970
2482,5MT1977
2514,5MT2011
2519,5MT2022
2530,5MT2037
2532,5MT205
2548,5MT209
2563,5MT213
2568,5MT2151
2571,5MT2161
2588,5MT218
2599,5MT219
2623,5MT2211
2626,5MT2214
2631,5MT2219
2636,5MT2223
2643,5MT223
2675,5MT227
2693,5MT230
2700,5MT231
2713,5MT2322
2727,5MT2336
2756,5MT237
2764,5MT238
2769,5MT2384
2793,5MT241
2797,5MT2424
2872,5MT2515
2877,5MT252
2884,5MT2528
2900,5MT2543
2911,5MT256
2916,5MT259
2917,5MT260
2918,5MT261
2925,5MT264
2966,5MT2685
2973,5MT2694
2974,5MT2696
2983,5MT272
2988,5MT2729
3003,5MT276
3020,5MT281
3036,5MT2853
3037,5MT2854
3039,5MT2856
3041,5MT2858
3052,5MT2870
3056,5MT2874
3111,5MT3048
3114,5MT3050
3124,5MT306
3137,5MT3072
3177,5MT3113
3181,5MT3117
3195,5MT3130
3199,5MT3134
3244,5MT3180
3251,5MT3187
3261,5MT3196
3262,5MT3197
3282,5MT3216
3288,5MT3221
3292,5MT3232
3300,5MT3240
3310,5MT3255
3316,5MT3262
3334,5MT3283
3337,5MT3286
3345,5MT3294
3362,5MT3311
3365,5MT3314
3368,5MT3318
3465,5MT3790
3468,5MT3794
3478,5MT3804
3488,5MT3815
3491,5MT3818
3493,5MT3820
3536,5MT3867
3538,5MT3869
3539,5MT3870
3542,5MT3873
3548,5MT3881
3554,5MT3888
3556,5MT3890
3557,5MT3891
3561,5MT3895
3565,5MT3899
3572,5MT3906
3573,5MT3907
3617,5MT3955
3640,5MT3980
3652,5MT3992
3674,5MT4037
3716,5MT408
3741,5MT4102
3858,5MT4374
3867,5MT4384
3876,5MT4396
3900,5MT4422
3908,5MT4430
3910,5MT4447
3911,5MT4448
3912,5MT4449
3916,5MT4453
3917,5MT4454
3975,5MT4512
4009,5MT455
4034,5MT459
4042,5MT460
4052,5MT4609
4057,5MT4614
4071,5MT4627
4072,5MT4628
4094,5MT465
4095,5MT4650
4104,5MT466
4115,5MT4671
4120,5MT4676
4124,5MT468
4138,5MT4692
4177,5MT475
4179,5MT4751
4224,5MT4793
4288,5MT486
4314,5MT4883
4341,5MT491
4349,5MT493
4359,5MT4940
4370,5MT4956
4424,5MT5019
4425,5MT502
4461,5MT5052
4509,5MT510
4549,5MT5137
4559,5MT5146
4560,5MT5147
4562,5MT5149
4647,5MT531
4669,5MT533
4688,5MT5347
4709,5MT5367
4766,5MT5451
4768,5MT5453
4770,5MT5455
4772,5MT5457
4779,5MT5464
4801,5MT5496
4802,5MT5497
4804,5MT5500
4809,5MT5505
4810,5MT5506
4911,5MT5718
4921,5MT5729
4954,5MT5785
4973,5MT5806
5003,5MT5863
5024,5MT5884
5094,5MT5958
5282,5MT6156
5283,5MT6157
5286,5MT6160
5312,5MT6226
5314,5MT6247
5381,5MT6316
5639,5MT660
5737,5MT670
5785,5MT6746
5876,5MT6835
5907,5MT687
5915,5MT688
5924,5MT691
5947,5MT6937
5950,5MT6940
5958,5MT6949
5960,5MT6951
5962,5MT6953
5964,5MT6955
5991,5MT7033
6047,5MT713
6056,5MT7150
6070,5MT718
6097,5MT721
6141,5MT726
6148,5MT7283
6149,5MT7284
6155,5MT729
6161,5MT7295
6162,5MT7296
6176,5MT7309
6182,5MT7313
6186,5MT7317
6206,5MT7337
6231,5MT7360
6242,5MT7370
6244,5MT7372
6275,5MT7400
6280,5MT7405
6304,5MT746
6317,5MT7493
6320,5MT7496
6332,5MT751
6347,5MT753
6375,5MT758
6390,5MT763
6394,5MT7647
6407,5MT771
6416,5MT780
6417,5MT781
6422,5MT786
6434,5MT794
6459,5MT7970
6473,5MT799
6479,5MT800
6554,5MT811
6556,5MT8119
6580,5MT818
6612,5MT822
6622,5MT823
6653,5MT826
6680,5MT8286
6682,5MT8288
6692,5MT830
6700,5MT832
6701,5MT833
6705,5MT8336
6716,5MT836
6725,5MT8368
6727,5MT837
6728,5MT8370
6756,5MT840
6981,5MT8799
6982,5MT880
6996,5MT8812
7010,5MT8825
7029,5MT8842
7257,5MT923
7306,5MT932
7371,5MT940
7406,5MT948
7411,5MT953
7426,5MT969
7427,5MT970
7431,5MT971
7440,5MT9799
7443,5MT986
7449,5MT993
7451,5MT995
7452,5MT996
7453,5MT997
7459,5MV1149
7460,5MV1150
7470,5MV1211
7579,5MT13955
7584,5MT13960
7591,5MT13967
7602,5MT13975
7603,5MT13976
7605,5MT13978
7606,5MT13979
7611,5MT13984
7629,5DL2181
7630,5DL2141
7631,5DL2142
7632,5DL2143
7633,5DL523
7639,5DL2145
7640,5DL2182
7642,5DL489
7643,5DL396
7644,5DL518
7646,5DL522
7647,5DL911
7649,5DL494A
7653,5MT13638
7657,5MT13586
7664,NA
7665,NA
7672,NA
7688,NA
7692,NA
7695,NA
7704,NA
7705,NA
7778,5MT11436
7851,5MT13647
7877,5MT13674
7878,5MT13675
7884,5MT13681
7902,5MT13700
7908,5MT13706
7948,5MT1815
7979,5MT2040
7990,5MT2065
8023,5MT2299
8024,5MT2302
8028,5MT2316
8030,5MT235
8038,5MT2411
8133,5MT399
8319,5MV1162
8320,5MV1163
8321,5MV1164
8324,5MV1168
8325,5MV1169
8326,5MV1170
8328,5MV1172
8332,5MV1179
8333,5MV1180
8334,5MV1181
8381,5MV881
8383,5MV888
8457,NA
16733,5MT4003
16739,5MT2-2
16742,5MT3967
16795,5MT2829
16808,5MT2544
16820,5MT8934
16825,5MT9072
16900,5MT14624
17144,5MT14870
17146,5MT14874
17219,5MT14973
17249,5MT14999
17253,5MT15007
17277,5MT15009
17432,5MT15141
17436,5MT15147
17495,5MT15198
17496,5MT15200
17659,5MT15370
17682,5MT15396
17733,5MT15395
17741,5MT15452
17751,5MT15451
17760,5MT15417
17767,5MT15615
17774,5MT15429
17791,5MT11962
17792,5MT14420
17807,5MT16790
17901,5DL1588
17907,5DL1735
18145,5DL803
18163,5DL864
18166,5DL908
18205,5LP4279
18259,5MT10010
18499,5MT11182
18629,5MT11337
18632,5MT1202
18690,5MT11490
18805,5MT11961
18806,5MT1197
18807,5MT1198
18964,5MT1261
18977,5MT1268
19227,5MT14455
19232,5MT14460
19250,5MT14478
19325,5MT14598
19460,5MT17334
19586,5MT16520
19612,5MT16556
19861,5MT17034
19866,5MT17039
19889,5MT17062
19892,5MT17065
19921,5MT17136
19983,5MT17272
19985,5MT17274
19986,5MT17275
20155,5MT18378
20323,5MT18564
20482,5MT18842
20591,5MT19045
20675,5MT19485
20741,5MT19551
20809,5MT19686
20930,5MT2511
20939,5MT2564
21014,5MT2743
21134,5MT3825
21241,5MT4202
21476,5MT578
21505,5MT601
21506,5MT602
21556,5MT704
21607,5MT7548
21809,5MT8088
21811,5MT8093
22028,5MT9541
22099,5MV1110
22107,5MV1344
22111,5MV1348
22114,5MV1350
22124,5MV136
22145,5MT973
22233,5MT9870
22355,5MT991893
22371,5MT9933
22460,5MV1025
22488,5MV1054
22532,5MV1099
22536,5MV1101
22537,5MV1102
22539,5MV1104
22540,5MV1106
22550,5MV1124
22568,5MV1144
22571,5MV1148
22577,5MV1173
22578,5MV1174
22579,5MV1175
22586,5MV1195
22590,5MV1199
22591,5MV12
22595,5MV1202
22599,5MV1206
22600,5MV1207
22609,5MV1217
22618,5MV1226
22624,5MV1233
22627,5MV1245
22631,5MV1249
22634,5MV1251
22666,5MV1280
22670,5MV1284
22672,5MV1286
22680,5MV1293
22690,5MV1301
22713,5MV1322
22716,5MV1325
22739,5MV1364
22746,5MV1464
22747,5MV1465
22752,5MV147
22757,5MV1474
22777,5MV2013
22784,5MV137
22798,5MV1382
22835,5MV1415
22853,5MV1439
22858,5MV1443
22860,5MV1445
22863,5MV1450
22903,5MV15
22905,5MV1500
22907,5MV1502
22936,5MV1540
22941,5MV1545
22948,5MV1553
22949,5MV1554
22954,5MV1559
22958,5MV1562
22965,5MV1569
22979,5MV1590
22980,5MV1591
22983,5MV1594
22985,5MV1596
22987,5MV1598
22994,5MV1603
22996,5MV1605
23002,5MV1610
23005,5MV1613
23009,5MV1617
23011,5MV1619
23014,5MV1621
23016,5MV1623
23017,5MV1624
23019,5MV1626
23021,5MV1628
23022,5MV1629
23023,5MV1630
23026,5MV1633
23041,5MV1648
23044,5MV1650
23047,5MV1653
23049,5MV1655
23050,5MV1656
23052,5MV1658
23065,5MV1670
23066,5MV1671
23080,5MV1684
23082,5MV1686
23083,5MV1687
23085,5MV1689
23090,5MV1693
23096,5MV1699
23109,5MV1723
23111,5MV1725
23136,5MV1764
23140,5MV1768
23142,5MV177
23147,5MV1774
23154,5MV1781
23159,5MV1786
23160,5MV1793
23165,5MV1798
23180,5MV1810
23193,5MV1822
23194,5MV1823
23217,5MV1844
23258,5MV1885
23263,5MV189
23264,5MV1890
23266,5MV1893
23275,5MV1900
23281,5MV1909
23287,5MV1915
23295,5MV1922
23345,5MV1972
23387,5MV2019
23391,5MV2022
23394,5MV2025
23395,5MV2026
23412,5MV2041
23418,5MV2047
23420,5MV2049
23523,5MV2721
23525,5MV2723
23598,5MV218
23621,5MV220
23651,5MV224
23801,5MV2422
23804,5MV2425
23817,5MV2437
23824,5MV2443
23825,5MV2444
23829,5MV2448
23830,5MV2449
23831,5MV245
23836,5MV2454
23845,5MV2462
23854,5MV2470
23855,5MV2471
23889,5MV2502
23891,5MV2504
23895,5MV2508
23899,5MV2511
23902,5MV2514
23905,5MV2517
23907,5MV2519
23915,5MV2526
23920,5MV2530
23922,5MV2532
23924,5MV2534
23926,5MV2536
23927,5MV2537
23936,5MV2545
23940,5MV2549
23952,5MV256
23961,5MV2568
23963,5MV257
23982,5MV2587
23999,5MV2602
24018,5MV262
24020,5MV2621
24054,5MV2657
24059,5MV2661
24062,5MV2664
24067,5MV2669
24072,5MV2673
24074,5MV2675
24075,5MV2676
24080,5MV2680
24081,5MV2681
24091,5MV2690
24092,5MV2691
24111,5MV271
24114,5MV2712
24128,5MV2733
24131,5MV2736
24133,5MV2738
24150,5MV2753
24158,5MV2760
24174,5MV2775
24178,5MV2779
24192,5MV2791
24219,5MV2816
24224,5MV2820
24235,5MV2830
24242,5MV2837
24263,5MV2856
24269,5MV2861
24298,5MV2892
24341,5MV2931
24343,5MV2933
24348,5MV2938
24360,5MV2949
24388,5MV2974
24396,5MV2981
24405,5MV299
24422,5MV3004
24424,5MV3006
24431,5MV3012
24438,5MV3019
24447,5MV3027
24449,5MV3029
24452,5MV3031
24464,5MV3042
24465,5MV3043
24471,5MV3049
24474,5MV3051
24493,5MV3069
24505,5MV308
24515,5MV3093
24528,5MV3104
24529,5MV3105
24532,5MV3108
24537,5MV3112
24539,5MV3114
24541,5MV3116
24564,5MV3137
24587,5MV3158
24590,5MV3160
24592,5MV3162
24593,5MV3163
24594,5MV3164
24596,5MV3166
24598,5MV3168
24599,5MV3169
24601,5MV3170
24602,5MV3171
24603,5MV3172
24623,5MV3190
24625,5MV3192
24648,5MV3212
24657,5MV3406
24662,5MV3410
24672,5MV3724
24673,5MV3725
24675,5MV3727
24698,5MV3227
24707,5MV3235
24714,5MV3241
24721,5MV3248
24725,5MV3251
24726,5MV3252
24747,5MV3271
24749,5MV3273
24753,5MV3277
24761,5MV3284
24775,5MV3297
24782,5MV3302
24789,5MV3309
24792,5MV3311
24794,5MV3313
24802,5MV3320
24813,5MV3330
24815,5MV3332
24818,5MV3335
24820,5MV3337
24822,5MV3339
24824,5MV3340
24833,5MV3349
24836,5MV3351
24838,5MV3353
24879,5MV3390
24885,5MV3396
24890,5MV340
24893,5MV3402
24898,5MV3417
24903,5MV3421
24924,5MV3440
24926,5MV3442
24934,5MV345
24966,5MV3479
24971,5MV3483
24980,5MV3491
24983,5MV3499
24993,5MV3507
24995,5MV3509
24998,5MV3511
25004,5MV3517
25023,5MV3534
25025,5MV3536
25028,5MV3539
25048,5MV3558
25049,5MV3559
25052,5MV3561
25053,5MV3562
25054,5MV3563
25097,5MV3601
25099,5MV3603
25101,5MV3605
25103,5MV3607
25105,5MV3609
25114,5MV3617
25124,5MV3626
25129,5MV3630
25133,5MV3634
25137,5MV3638
25146,5MV3646
25166,5MV3664
25179,5MV3676
25186,5MV3682
25187,5MV3683
25188,5MV3684
25233,5MV3728
25237,5MV3731
25301,5MV379
25313,5MV380
25325,5MV3811
25331,5MV3817
25338,5MV3823
25340,5MV3825
25342,5MV3827
25350,5MV3834
25355,5MV3839
25356,5MV384
25363,5MV3846
25366,5MV3849
25367,5MV385
25369,5MV3851
25373,5MV3855
25381,5MV3862
25397,5MV3877
25422,5MV390
25470,5MV4
25475,5MV4003
25479,5MV4007
25482,5MV401
25484,5MV4011
25490,5MV4017
25492,5MV4019
25508,5MV4033
25521,5MV4045
25531,5MV4055
25532,5MV4056
25545,5MV4068
25546,5MV4069
25550,5MV4072
25551,5MV4083
25554,5MV4086
25555,5MV4087
25562,5MV4093
25565,5MV4096
25584,5MV4112
25586,5MV4114
25596,5MV4123
25605,5MV4131
25610,5MV4136
25628,5MV4152
25640,5MV4163
25647,5MV4614
25649,5MV4616
25663,5MV554
25676,5MV4164
25690,5MV4177
25700,5MV4186
25704,5MV419
25722,5MV4206
25723,5MV4207
25724,5MV4208
25726,5MV421
25746,5MV4229
25759,5MV4240
25763,5MV4244
25771,5MV4251
25773,5MV4253
25789,5MV4268
25809,5MV4289
25816,5MV4295
25817,5MV4296
25819,5MV4298
25822,5MV4300
25826,5MV4304
25830,5MV4308
25834,5MV4311
25842,5MV4319
25853,5MV4329
25856,5MV4331
25862,5MV4337
25866,5MV4340
25867,5MV4341
25888,5MV4361
25894,5MV4367
25920,5MV4408
25923,5MV442
25924,5MV4420
25931,5MV448
25932,5MV449
25936,5MV4501
25942,5MV4507
25953,5MV4517
25988,5MV4558
26006,5MV4574
26023,5MV4592
26045,5MV4622
26050,5MV4627
26056,5MV464
26059,5MV4643
26102,5MV469
26109,5MV4696
26116,5MV4701
26121,5MV4706
26131,5MV4715
26160,5MV4752
26172,5MV4795
26184,5MV4808
26191,5MV4815
26213,5MV484
26223,5MV4849
26244,5MV4868
26275,5MV502
26277,5MV504
26279,5MV506
26280,5MV507
26281,5MV508
26282,5MV509
26289,5MV515
26293,5MV519
26296,5MV521
26310,5MV535
26313,5MV538
26317,5MV541
26318,5MV542
26322,5MV546
26324,5MV548
26329,5MV552
26333,5MV560
26368,5MV594
26390,5MV613
26391,5MV614
26396,5MV619
26404,5MV626
26413,5MV634
26414,5MV635
26424,5MV647
26425,5MV648
26469,5MV702
26483,5MV715
26514,5MV743
26518,5MV747
26530,5MV758
26536,5MV763
26537,5MV764
26539,5MV766
26547,5MV773
26556,5MV781
26558,5MV783
26587,5MV892
26594,5MV981
26630,5MV836
26652,5MV856
26682,5MV896
26684,5MV898
26685,5MV899
26694,5MV906
26699,5MV911
26700,5MV912
26701,5MV913
26703,5MV915
26706,5MV919
26739,5MV952
26746,5MV959
26748,5MV960
26759,5MV971
26859,5MV1138
26860,5MV1139
26863,5MV1186
26868,5MV1237
26871,5MV1240
26886,5MV1517
26967,5MV4416
27004,5MV4820
27005,5MV4821
27057,5MV1645
124,5MT765
158,5MT604
331,5MT3807
1136,5MT11555
1253,5MT11842
1443,5MT123
2566,5MT2149
2591,5MT2182
3792,5MT4126
3938,5MT4477
4166,5MT4725
16711,5MT5107
16712,5MT4475
16726,5MT2108-2
16747,5MT6970
16759,5MT4802
16766,5MT1825
16771,5MT23
16773,5MT1566
16790,5MT2831
16805,5MT2108-1
17931,5DL27
18197,5LP2164
20902,5MT2150
20904,5MT2155
20905,5MT2156
20906,5MT2157
20909,5MT2347
22106,5MV1229
22593,5MV1200
22626,5MV1241
22825,5MV1406
22862,5MV1449
23304,5MV1930
25673,5MV693
26298,5MV523
26352,5MV58
26403,5MV625
26420,5MV640
26427,5MV650
26613,5MV820
27072,5MT2158
123,5MT11338
577,5MT1
696,5MT10459
975,5MT10851
1230,5MT11787
1270,5MT11861
1431,5MT12205
1689,5MT13091
2375,5MT1805
2603,5MT2193
2806,5MT2433
3030,5MT2848
3064,5MT3
4088,5MT4644
4773,5MT5458
4982,5MT5815
7225,5MT9168
7313,5MT9343
7337,5MT9368
7792,5MT12517
8338,5MV1193
16704,5MT2525
16715,5MT927
16728,5MT8838
16730,5MT3876
16734,5MT4006
16736,5MT4007
16737,5MT2-1
16745,5MT10246
16763,5MT3994
16770,5MT3868
16775,5MT5152
16818,5MT8899
16821,5MT8937
16823,5MT8938
16832,5MT3918
16850,5MT5498
17813,5MV1645
17883,5DL2
18958,5MT12556
19075,5MT13098
20937,5MT2559
21872,5MT8653
22119,5MV1355
22362,5MT9924
22372,5MT9934
22671,5MV1285
22687,5MV13
22711,5MV1320
22712,5MV1321
22743,5MV1368
22861,5MV1448
22865,5MV1452
22924,5MV153
22984,5MV1595
22989,5MV16
23195,5MV1824
25282,5MV3772
25665,5MV557
26288,5MV514
26392,5MV615
26407,5MV629
30023,5MT01916
30024,5MT01917
30027,5MT01918
30028,5MT01919
30031,5MT01922
30032,5MT01927
30044,5MT01946
30065,5MT01965
30083,5MT10482
30084,5MT10483
30089,5MT10490
30092,5MT10490
30106,5MT11727
30107,5MT14595
30108,5MT14596
30113,5MT17259
30115,5MT17259
30118,5MT17259
30120,5MT17259
30123,5MT17260
30139,5MT17569
30157,5MT23458
30173,5MT23470
30221,5MT23503
30232,5MT23512
30233,5MV04483
3380,5MT338
5422,5MT6359
6468,5MT7984
8434,5MT4575
8442,5MT10991C
8443,5MT10991D
8446,5MT10991G
8447,5MT10991H
8448,5MT10991J
8449,5MT10991L
8450,5MT10991M
8451,5MT10991N
8452,5MT10991P
8453,5MT10991Q
8454,5MT10991R
17782,5MT10991S
17790,NA
17803,5MT10-12
17816,NA
20921,5MT2495
20940,5MT2566
21029,5MT2771
21035,5MT2787
21306,5MT4474
21938,5MT9180
22132,5MT9710
22439,5MV1002
22446,5MV101
22465,5MV103
23567,5MV2150
24739,5MV3264
25002,5MV3515
25007,5MV352
25207,5MV3700
25260,5MV3752
25307,5MV3795
25309,5MV3797
25374,5MV3856
25674,5MV694
25794,5MV4272
25795,5MV4273
26194,5MV482
26261,5MV490
26270,5MV499
26464,5MV698
26465,5MV699
26602,5MV810
27073,NA
24754,5MV3278
24823,5MV334
25019,5MV3530
26055,5MV4636
36,5MT19185
42,5MT19797
463,5MT11004
541,5DL1663
645,5MT10391
677,5MT10430
716,5MT10559
723,5MT10566
753,5MT10611
755,5MT10613
757,5MT10615
953,5MT10825
1029,5MT11057
1092,5MT11357
1223,5MT11701
1228,5MT11763
1235,5MT11808
1240,5MT11814
1251,5MT11839
1264,5MT11855
1304,5MT11917
1313,5MT11926
1345,5MT12043
1348,5MT12051
1356,5MT1206
1380,5MT12109
1390,5MT12205
1455,5MT12582
1457,5MT12584
1590,5MT12927
1591,5MT12928
1910,5MT13443
1951,5MT13554
2051,5MT13763
2054,5MT13766
2228,5MT1658
2267,5MT1699
2269,5MT1700
2271,5MT1702
2275,5MT1706
2276,5MT1707
2331,5MT1761
2332,5MT1762
2333,5MT1763
2389,5MT1819
2424,5MT186
2450,5MT1935
2461,5MT1948
2505,5MT2002
2526,5MT203
2539,5MT2056
2759,5MT2372
2837,5MT2470
2921,5MT2636
2933,5MT265
3013,5MT2797
3099,5MT3036
3476,5MT3802
3615,5MT3953
3626,5MT3966
3645,5MT3985
3647,5MT3987
3653,5MT3993
3749,5MT414
3843,5MT4352
3845,5MT4355
3847,5MT4361
3931,5MT4468
3932,5MT4469
4032,5MT4577
4344,5MT4912
4362,5MT4943
4603,5MT523
4974,5MT5807
4975,5MT5808
4981,5MT5814
4988,5MT5822
5301,5MT6204
5309,5MT6223
5313,5MT6235
5350,5MT6285
5351,5MT6286
5355,5MT6290
5370,5MT6305
5375,5MT6310
5383,5MT6318
5391,5MT6326
5400,5MT6336
5419,5MT6354
5427,5MT6364
5636,5MT6587
5754,5MT6716
5866,5MT6820
5888,5MT6850
5897,5MT6860
5898,5MT6861
5973,5MT6963
5985,5MT6984
6351,5MT7533
6396,5MT7652
6397,5MT7653
6460,5MT7971
6507,5MT8032
6511,5MT8044
6521,5MT8053
6522,5MT8054
6564,5MT8162
6624,5MT8232
6674,5MT8280
6795,5MT846
6815,5MT8499
6826,5MT8510
6857,5MT8546
6868,5MT8557
6893,5MT8581
6930,5MT8636
6933,5MT8725
6960,5MT8763
6984,5MT8801
6997,5MT8813
7001,5MT8817
7006,5MT8821
7018,5MT8832
7019,5MT8833
7041,5MT8882
7042,5MT8883
7043,5MT8884
7084,5MT8930
7085,5MT8932
7120,5MT9005
7144,5MT9079
7147,5MT9081
7151,5MT9085
7153,5MT9087
7183,5MT9119
7229,5MT9171
7276,5MT9292
7334,5MT9365
7343,5MT9373
7359,5MT9389
7365,5MT9394
7366,5MT9395
7367,5MT9396
7368,5MT9397
7370,5MT9399
7372,5MT9400
7380,5MT9408
7402,5MT9451
7529,5MT11055
7972,5MT2021
8369,5MV3912
8370,5MV3913
17399,5MT15084
17808,5MT16794
18119,5DL718
18131,5DL76
18284,5MT10179
18288,5MT10182
18290,5MT10184
18305,5MT10200
18325,5MT1037
18343,5MT10483
18727,5MT11545
18825,5MT12071
19116,5MT13510
19394,5MT15475
19808,5MT16855
19831,5MT16907
20103,5MT17728
20372,5MT18682
20796,5MT19674
20797,5MT19675
20928,5MT2509
21030,5MT2772
21078,5MT295
21113,5MT374
21250,5MT428
21322,5MT4809
21718,5MT7715
21725,5MT7722
21870,5MT8650
22027,5MT9540
22060,5MT9619
22071,5MT9675
22076,5MT9686
22086,5MT9696
22096,5MT9988
22249,5MT9891
22424,5MT9990
22425,5MT9991
22484,5MV1050
22531,5MV1098
22588,5MV1197
22799,5MV1383
22909,5MV1504
22943,5MV1547
23121,5MV1750
23252,5MV188
23319,5MV1945
23548,5MV2133
23709,5MV233
23776,5MV2399
23777,5MV240
23826,5MV2445
23843,5MV2460
23978,5MV2583
23979,5MV2584
24058,5MV2660
24063,5MV2665
24070,5MV2671
24101,5MV2700
24113,5MV2711
24126,5MV2731
24129,5MV2734
24134,5MV2739
24151,5MV2754
24243,5MV2838
24248,5MV2842
24286,5MV2881
24297,5MV2891
24338,5MV2929
24355,5MV2944
24391,5MV2977
24401,5MV2986
24434,5MV3015
24454,5MV3033
24462,5MV3040
24481,5MV3058
24489,5MV3065
24492,5MV3068
24516,5MV3094
24562,5MV3135
24571,5MV3143
24579,5MV3150
24606,5MV3175
24628,5MV3195
24654,5MV3218
24681,5MV4073
24689,5MV4082
24697,5MV3226
24702,5MV3230
24743,5MV3268
24811,5MV3329
24831,5MV3347
24963,5MV3476
25020,5MV3531
25065,5MV3573
25098,5MV3602
25113,5MV3616
25154,5MV3653
25159,5MV3658
25176,5MV3673
25185,5MV3681
25218,5MV3710
25303,5MV3791
25320,5MV3807
25375,5MV3857
25376,5MV3858
25394,5MV3874
25483,5MV4010
25489,5MV4016
25491,5MV4018
25506,5MV4031
25509,5MV4034
25517,5MV4041
25522,5MV4046
25524,5MV4049
25553,5MV4085
25580,5MV4109
25589,5MV4117
25602,5MV4129
25626,5MV4150
25630,5MV4154
25635,5MV4159
25639,5MV4162
25672,5MV692
25679,5MV4167
25695,5MV4181
25707,5MV4192
25708,5MV4193
25718,5MV4202
25720,5MV4204
25721,5MV4205
25730,5MV4213
25734,5MV4217
25739,5MV4221
25740,5MV4222
25741,5MV4223
25756,5MV4238
25760,5MV4241
25765,5MV4246
25790,5MV4269
25806,5MV4286
25833,5MV4310
25864,5MV4339
25880,5MV4354
25881,5MV4355
25884,5MV4358
25910,5MV4381
26104,5MV4691
26130,5MV4714
26187,5MV4810
26311,5MV536
26343,5MV570
26402,5MV624
26509,5MV739
26691,5MV903
27000,5MV4806
